country,country_code,year,gdp_per_capita,life_expectancy,internet_usage,unemployment
Albania,ALB,1990,617.230435515505,72.71,0.0,9.5
Argentina,ARG,1990,4315.33403111588,71.615,0.0,7.058
Australia,AUS,1990,18273.561526468,76.9946341463415,0.585,6.926
Austria,AUT,1990,21596.068219998,75.5682926829269,0.13,3.233
Burundi,BDI,1990,202.629446176297,45.184,0.0,0.476
Belgium,BEL,1990,20600.3752789827,76.0519512195122,0.00101,7.25
Bulgaria,BGR,1990,2366.52982128614,71.6414634146342,0.0,1.7
"Bahamas, The",BHS,1990,11473.3008389353,70.945,0.0,7.774
Bolivia,BOL,1990,682.67681029538,56.797,0.0,7.3
Brazil,BRA,1990,2619.80141064047,65.862,0.0,4.703
Barbados,BRB,1990,7781.40573306125,73.463,0.0,15.036
Canada,CAN,1990,21525.8611387148,77.4365853658537,0.361,8.131
Switzerland,CHE,1990,39574.5398083788,77.2424390243902,0.596,2.067
Chile,CHL,1990,2487.76829657299,73.675,0.0,7.759
China,CHN,1990,318.50335359039,68.155,0.0,2.165
Colombia,COL,1990,1474.8455285342,68.701,0.0,10.152
Cabo Verde,CPV,1990,817.442925539738,63.869,0.0,23.004
Cyprus,CYP,1990,9641.5751953125,76.044,0.0,7.014
Czechia,CZE,1990,3969.36733543794,71.3839024390244,0.0,0.7
Germany,DEU,1990,22385.6778250275,75.0856341463415,0.126,4.89
Denmark,DNK,1990,26885.6994188191,74.8053658536585,0.0973,8.338
Algeria,DZA,1990,2445.18332740258,67.658,0.0,19.8
Ecuador,ECU,1990,1455.00748510871,68.445,0.0,5.881
"Egypt, Arab Rep.",EGY,1990,735.982935028025,62.513,0.0,8.434
Spain,ESP,1990,13795.0159385128,76.8375609756098,0.0129,16.273
France,FRA,1990,21586.4674617483,76.6,0.0528,9.36
United Kingdom,GBR,1990,19095.4669984608,75.8804878048781,0.0874,6.969
Greece,GRC,1990,9466.66238502174,76.9390243902439,0.0,7.012
Guatemala,GTM,1990,847.688561830359,61.767,0.0,3.616
"Hong Kong SAR, China",HKG,1990,13485.6314525052,77.3707317073171,0.0,1.317
Honduras,HND,1990,749.818113552631,65.183,0.0,4.776
Haiti,HTI,1990,451.720249689216,53.215,0.0,11.253
Indonesia,IDN,1990,578.420121135382,63.249,0.0,2.541
Ireland,IRL,1990,14031.3025675469,74.8460731707317,0.0,14.077
Israel,ISR,1990,13308.311060238,76.6073170731707,0.111,9.565
Italy,ITA,1990,20873.7834092719,76.9707317073171,0.0175,9.781
Jamaica,JAM,1990,1929.59891905857,71.705,0.0,15.716
Japan,JPN,1990,25801.3950393094,78.8370731707317,0.0203,2.1
"Korea, Rep.",KOR,1990,6812.9019416767,71.5975609756098,0.0233,2.449
Liechtenstein,LIE,1990,49457.5609343203,78.3315365853659,0.0,0.146
Sri Lanka,LKA,1990,491.213686238493,69.239,0.0,15.9
Luxembourg,LUX,1990,33465.478207919,74.7754878048781,0.0,1.607
"Macao SAR, China",MAC,1990,9692.43538809962,76.3986829268293,0.0,3.162
Morocco,MAR,1990,1229.07104492188,62.396,0.0,15.802
North Macedonia,MKD,1990,2277.30372314314,71.1720975609756,0.0,23.6
Malta,MLT,1990,7192.38994693962,76.0459268292683,0.0,3.9
Myanmar,MMR,1990,53.1225401094506,57.159,0.0,6.0
Malaysia,MYS,1990,2468.69080320116,70.952,0.0,4.503
Nicaragua,NIC,1990,242.508390600822,62.473,0.0,10.001
Netherlands,NLD,1990,21322.1944802703,76.8780487804878,0.334,7.671
Norway,NOR,1990,28242.981402822,76.5373170731707,0.707,5.229
New Zealand,NZL,1990,13663.0216184298,75.3780487804878,0.0,7.971
Pakistan,PAK,1990,344.45547384189,59.728,0.0,1.971
Panama,PAN,1990,2620.13827266274,71.266,0.0,11.595
Peru,PER,1990,1199.66666756615,63.979,0.0,8.6
Philippines,PHL,1990,803.572588255813,64.382,0.0,8.127
Palau,PLW,1990,6402.929615309,62.79,0.0,7.76
Papua New Guinea,PNG,1990,826.317152082832,59.778,0.0,7.7
Puerto Rico (US),PRI,1990,8652.50749222505,72.827,0.0,15.282
Portugal,PRT,1990,7884.61798756332,73.9658536585366,0.0,4.645
Paraguay,PRY,1990,1440.15829610029,67.341,0.0,5.795
Singapore,SGP,1990,11861.7561591366,75.2951219512195,0.0,1.955
El Salvador,SLV,1990,892.18271519703,61.981,0.0,9.961
Suriname,SUR,1990,941.591736102188,62.088,0.0,15.655
Sweden,SWE,1990,30549.3185706762,77.5368292682927,0.584,1.742
Thailand,THA,1990,1559.11209344755,68.924,0.0,2.209
Tonga,TON,1990,1139.0553819198,67.539,0.0,4.161
Trinidad and Tobago,TTO,1990,4047.25093594674,67.591,0.0,20.017
Turkiye,TUR,1990,2689.52621921233,67.835,0.0,8.015
Uruguay,URY,1990,2995.36105663465,72.994,0.0,8.511
United States,USA,1990,23888.6000088133,75.2146341463415,0.785,5.6
"Venezuela, RB",VEN,1990,2451.5523114567,70.964,0.0,13.963
Zambia,ZMB,1990,422.336298804219,48.204,0.0,14.999
Australia,AUS,1991,18885.4274465057,77.2756097560976,1.1,9.579
Austria,AUT,1991,22323.1312492943,75.6170731707317,0.259,3.476
Belgium,BEL,1991,21041.6606519648,76.1921951219512,0.0201,6.984
Botswana,BWA,1991,2938.59442659608,58.911,0.0,13.818
Canada,CAN,1991,21846.7930471354,77.5934146341464,0.57,10.316
Switzerland,CHE,1991,39544.4946826768,77.5146341463415,1.18,1.818
Germany,DEU,1991,23443.3350818536,75.319512195122,0.25,5.316
Denmark,DNK,1991,27002.8057705804,75.1578048780488,0.194,9.099
Spain,ESP,1991,14801.3226152172,76.9712195121951,0.0257,15.929
France,FRA,1991,21500.7778366233,76.8487804878049,0.14,9.134
United Kingdom,GBR,1991,19900.7266505069,76.0829268292683,0.174,8.55
Greece,GRC,1991,10046.6663875475,77.1365853658537,0.0488,7.572
Grenada,GRD,1991,2983.91643158641,70.823,0.0,13.911
"Hong Kong SAR, China",HKG,1991,15465.9245305858,77.8729268292683,0.121,1.8
Ireland,IRL,1991,14087.2074393708,75.025,0.0568,15.771
Israel,ISR,1991,14346.0810278646,76.7585365853659,0.215,10.575
Italy,ITA,1991,22007.1350964074,77.0195121951219,0.0351,10.097
Japan,JPN,1991,29428.4289039469,79.0368292682927,0.0404,2.1
"Korea, Rep.",KOR,1991,7872.65052449111,72.0463414634146,0.0461,2.291
Netherlands,NLD,1991,21764.2144987258,77.0,0.531,7.285
Norway,NOR,1991,28596.9330036444,76.9807317073171,1.41,5.467
Portugal,PRT,1991,8958.9853330247,74.0146341463415,0.1,3.919
Singapore,SGP,1991,14502.3799938606,75.6463414634146,0.162,2.18
Sweden,SWE,1991,31776.6680192213,77.6668292682927,1.16,3.127
Syrian Arab Republic,SYR,1991,1000.07798684947,70.075,0.0,6.75
Thailand,THA,1991,1765.62267359529,69.132,5.22e-05,2.63
United States,USA,1991,24342.2589048189,75.3658536585366,1.16,6.8
Argentina,ARG,1992,6789.99611136495,72.096,0.00299,6.36
Australia,AUS,1992,18650.3675476612,77.3780487804878,1.77,10.729
Austria,AUT,1992,24782.7118767063,75.8170731707317,0.643,3.592
Belgium,BEL,1992,23372.619171015,76.3512195121951,0.1,6.702
Brazil,BRA,1992,2127.29083011489,66.539,0.0129,7.086
Canada,CAN,1992,20950.3305287651,77.8380487804878,0.916,11.197
Switzerland,CHE,1992,40713.6881521435,77.8060975609756,1.75,2.344
Chile,CHL,1992,3351.84108855522,74.367,0.0365,6.667
Cyprus,CYP,1992,11310.072265625,76.291,0.0501,2.087
Germany,DEU,1992,26559.8543879632,75.819512195122,0.435,6.323
Denmark,DNK,1992,29579.4913648682,75.1941463414634,0.387,9.027
Ecuador,ECU,1992,1655.44613192632,69.468,0.00512,8.56
Spain,ESP,1992,16100.6799428032,77.41,0.0768,17.697
France,FRA,1992,23615.0168565483,77.1,0.279,10.203
United Kingdom,GBR,1992,20487.1707852878,76.4341463414634,0.261,9.772
Greece,GRC,1992,11021.012224607,77.3829268292683,0.0483,8.927
"Hong Kong SAR, China",HKG,1992,17976.4688629053,77.6734146341464,0.85,1.96
Hungary,HUN,1992,3747.32966394956,69.1170731707317,0.0484,9.816
Ireland,IRL,1992,15714.3847487231,75.4150975609756,0.17,15.021
Israel,ISR,1992,15509.9913638817,76.5048780487805,0.311,11.171
Italy,ITA,1992,23297.0460325456,77.419512195122,0.0701,9.321
Japan,JPN,1992,31992.7902119161,79.080243902439,0.0967,2.2
"Korea, Rep.",KOR,1992,8387.16308258471,72.4975609756098,0.0984,2.393
Luxembourg,LUX,1992,39570.8615665986,75.7707317073171,0.153,2.029
Malaysia,MYS,1992,3141.43321987651,71.483,0.00105,3.705
Netherlands,NLD,1992,23939.2173482108,77.2170731707317,1.32,5.555
Norway,NOR,1992,30523.9850558974,77.1843902439025,2.22,5.915
New Zealand,NZL,1992,11793.1392416214,76.1243902439025,0.286,10.673
Portugal,PRT,1992,10810.5665079626,74.3121951219512,0.25,3.985
Singapore,SGP,1992,16136.2405377661,75.9463414634146,0.471,3.09
Sweden,SWE,1992,32753.4287003642,77.9987804878049,1.5,5.591
Thailand,THA,1992,1971.60879910694,69.353,0.000344,1.35
United States,USA,1992,25418.9907763319,75.6170731707317,1.72,7.5
Argentina,ARG,1993,6931.85596375876,72.303,0.0295,10.1
Australia,AUS,1993,17724.5399501656,77.8780487804878,1.97,10.874
Austria,AUT,1993,23987.2037240657,76.0682926829268,0.765,4.216
Belgium,BEL,1993,22283.9360213551,76.3453658536585,0.199,8.078
Bulgaria,BGR,1993,1278.52511370319,71.3468292682927,0.00234,21.387
Brazil,BRA,1993,2348.90635436384,66.892,0.0255,6.03
Canada,CAN,1993,20186.7988782965,77.7048780487805,1.18,11.377
Switzerland,CHE,1993,39237.1186558781,78.0853658536586,2.17,3.551
Chile,CHL,1993,3540.91377313015,74.679,0.0718,6.551
China,CHN,1993,378.939353053314,69.492,0.000169,0.978
Cyprus,CYP,1993,10526.1416015625,76.294,0.0564,2.7
Czechia,CZE,1993,3984.1463439879,72.7678048780488,0.581,4.349
Germany,DEU,1993,25616.6508772405,75.8707317073171,0.464,7.675
Denmark,DNK,1993,27581.7241097459,75.1168292682927,0.578,10.719
Ecuador,ECU,1993,1697.88884141445,70.07,0.0164,7.948
"Egypt, Arab Rep.",EGY,1993,740.334217356418,64.147,0.000976,10.917
Spain,ESP,1993,13330.3798192211,77.5465853658537,0.128,22.156
Estonia,EST,1993,2685.90889287357,67.909756097561,0.301,1.9
Fiji,FJI,1993,2070.04734110195,65.51,0.00668,5.876
France,FRA,1993,22238.8250618434,77.3,0.591,11.32
United Kingdom,GBR,1993,18389.0195675099,76.3853658536585,0.52,10.346
Greece,GRC,1993,10257.3085789073,77.390243902439,0.191,10.177
"Hong Kong SAR, China",HKG,1993,20395.5621886121,78.0160975609756,1.33,1.96
Hungary,HUN,1993,3886.66608419616,69.1012195121951,0.193,11.94
Ireland,IRL,1993,14657.0615549805,75.2921951219512,0.281,15.571
Israel,ISR,1993,15178.8399875391,77.1536585365854,0.399,10.017
Italy,ITA,1993,18781.9529427137,77.7219512195122,0.122,10.212
Japan,JPN,1993,36345.2441262708,79.3036585365854,0.401,2.5
"Korea, Rep.",KOR,1993,9179.96872485152,72.9975609756098,0.25,2.777
Kuwait,KWT,1993,14317.7209419057,76.0514878048781,0.0911,0.8
Luxembourg,LUX,1993,40066.7242518773,75.7121951219512,0.302,2.33
Malaysia,MYS,1993,3461.99504214189,71.721,0.0255,4.113
Netherlands,NLD,1993,23156.4404444568,76.9165853658537,1.97,6.287
Norway,NOR,1993,27963.6979095744,77.1517073170732,2.78,5.944
New Zealand,NZL,1993,13094.3454502639,76.4341463414634,0.631,9.799
Poland,POL,1993,2497.13055936127,71.5951219512195,0.13,14.011
Portugal,PRT,1993,9534.6563637308,74.5121951219512,0.45,5.301
Singapore,SGP,1993,18290.130113185,76.0463414634146,0.763,3.07
Slovak Republic,SVK,1993,3143.10143068756,72.4487804878049,0.128,12.2
Slovenia,SVN,1993,7254.58887417768,73.2536585365854,0.41,9.1
Sweden,SWE,1993,24389.8738124128,78.0604878048781,1.72,9.187
Syrian Arab Republic,SYR,1993,992.771367475098,70.309,0.0,7.4
Thailand,THA,1993,2245.13688708983,69.568,0.0136,1.49
Turkiye,TUR,1993,3057.93737480422,69.018,0.00846,8.255
United States,USA,1993,26387.2937338171,75.419512195122,2.27,6.9
Argentina,ARG,1994,7437.56242327594,72.732,0.0437,11.759
Armenia,ARM,1994,390.879964297655,68.2718048780488,0.00912,6.6
Australia,AUS,1994,18155.6282000179,77.8780487804878,2.23,9.719
Austria,AUT,1994,25546.2460525087,76.419512195122,1.39,6.5
Azerbaijan,AZE,1994,157.063549947072,60.277,0.00143,0.65
Belgium,BEL,1994,24208.5547931447,76.6917073170732,0.696,9.645
Bulgaria,BGR,1994,1149.89464008734,71.2087804878049,0.0195,20.168
Belarus,BLR,1994,1460.00791360458,68.7682926829268,0.000486,2.1
Canada,CAN,1994,19997.6237373354,77.8717073170732,2.38,10.395
Switzerland,CHE,1994,43091.7770970073,78.35,2.72,3.58
Chile,CHL,1994,4012.10159912285,74.973,0.141,7.816
China,CHN,1994,475.677874448369,69.835,0.00117,0.998
Colombia,COL,1994,2325.91872973374,69.422,0.107,7.6
Cyprus,CYP,1994,11617.6923828125,76.383,0.111,2.7
Czechia,CZE,1994,4663.28665345469,72.9726829268293,1.26,4.284
Germany,DEU,1994,27201.9593555204,76.2707317073171,0.923,8.727
Denmark,DNK,1994,29967.8303903163,75.3751219512195,1.34,8.036
Algeria,DZA,1994,1525.54061760288,67.284,0.000361,24.4
Ecuador,ECU,1994,1996.85894789444,70.876,0.0348,6.68
"Egypt, Arab Rep.",EGY,1994,807.303537230487,64.663,0.00638,10.932
Spain,ESP,1994,13405.704414883,77.9014634146342,0.28,24.209
Estonia,EST,1994,2819.12612100926,66.5,1.16,2.2
Fiji,FJI,1994,2297.18005884304,65.796,0.00791,5.7
France,FRA,1994,23359.8985104774,77.6487804878049,0.9,12.593
United Kingdom,GBR,1994,19709.2380983653,76.8853658536585,1.04,9.648
Greece,GRC,1994,10937.0223808611,77.6390243902439,0.378,9.808
Grenada,GRD,1994,3152.2020478855,71.78,0.0,26.932
"Hong Kong SAR, China",HKG,1994,22502.5302426236,78.5436585365854,2.78,1.9
Hungary,HUN,1994,4187.0311799663,69.469756097561,0.484,10.697
Indonesia,IDN,1994,899.793982949817,65.041,0.00106,4.366
India,IND,1994,347.73421473994,60.237,0.00107,2.147
Ireland,IRL,1994,15902.9296755168,75.7866341463415,0.558,14.544
Israel,ISR,1994,16806.8353081322,77.4024390243903,0.577,7.813
Italy,ITA,1994,19382.2002150155,77.9219512195122,0.192,11.086
Jamaica,JAM,1994,2202.85831038471,71.624,0.0368,15.339
Japan,JPN,1994,39933.5150564874,79.6968292682927,0.8,2.9
Kazakhstan,KAZ,1994,1246.83633018218,64.108,0.000521,7.538
"Korea, Rep.",KOR,1994,10733.9888860657,73.3975609756098,0.311,2.405
Kuwait,KWT,1994,14929.7441110335,76.0328292682927,0.147,0.7
Sri Lanka,LKA,1994,678.268012020205,70.211,0.00277,13.903
Luxembourg,LUX,1994,43933.235442736,76.3707317073171,0.496,3.479
"Macao SAR, China",MAC,1994,15905.2615421482,77.2664878048781,0.037,2.494
Netherlands,NLD,1994,24682.5866742863,77.3751219512195,3.26,7.159
Norway,NOR,1994,29315.8092337732,77.689756097561,4.15,5.415
New Zealand,NZL,1994,15280.3127842922,76.8829268292683,3.17,8.361
Panama,PAN,1994,3508.19570069218,71.943,0.00764,14.005
Peru,PER,1994,1879.36657757919,66.544,0.0085,8.929
Philippines,PHL,1994,1059.9838951587,66.0,0.00584,8.432
Poland,POL,1994,2874.83163555069,71.6951219512195,0.389,14.438
Puerto Rico (US),PRI,1994,10876.4188239898,73.622,0.0273,14.701
Portugal,PRT,1994,9977.31990905771,74.9146341463415,0.719,6.709
Romania,ROU,1994,1323.03237766927,69.509756097561,0.0263,8.17
Singapore,SGP,1994,21552.4100366948,76.1975609756098,1.19,3.03
Slovak Republic,SVK,1994,3820.96427542658,72.3,0.319,13.645
Slovenia,SVN,1994,8243.89895545106,73.4048780487805,1.07,9.101
Sweden,SWE,1994,26045.5196995275,78.650243902439,3.41,9.491
Syrian Arab Republic,SYR,1994,712.387716635783,70.296,0.0,7.5
Thailand,THA,1994,2517.70732641683,69.661,0.0386,1.347
Tunisia,TUN,1994,1733.46614673506,70.363,0.00738,16.295
Turkiye,TUR,1994,2176.2801813809,69.402,0.0499,8.149
Uruguay,URY,1994,5507.56481300056,73.162,0.0625,9.185
United States,USA,1994,27694.853416234,75.619512195122,4.86,6.119
"Venezuela, RB",VEN,1994,2688.98325145295,71.283,0.0555,8.56
Zimbabwe,ZWE,1994,634.062003018813,52.537,0.00174,4.96
Albania,ALB,1995,911.320465445326,74.022,0.0112,12.9
United Arab Emirates,ARE,1995,27003.2006807782,71.392,0.103,1.802
Argentina,ARG,1995,7357.6162773788,72.864,0.0863,18.8
Armenia,ARM,1995,443.924860857976,68.628487804878,0.0527,6.7
Australia,AUS,1995,20479.1748274233,77.8292682926829,2.76,8.469
Austria,AUT,1995,30207.0674314652,76.6682926829268,1.89,4.345
Azerbaijan,AZE,1995,314.55801908334,61.931,0.00206,0.8
Belgium,BEL,1995,28413.8264387368,76.8407317073171,0.992,9.337
Bulgaria,BGR,1995,2259.25922555221,71.0534146341463,0.12,15.91
"Bahamas, The",BHS,1995,11374.6056703852,71.422,0.96,10.9
Belarus,BLR,1995,1370.69991385664,68.4609756097561,0.00292,2.533
Belize,BLZ,1995,4009.82752539849,69.484,0.0454,12.483
Bolivia,BOL,1995,852.754034861444,59.787,0.0668,3.693
Brazil,BRA,1995,4756.75013552302,67.701,0.105,7.092
Barbados,BRB,1995,8460.47380869104,73.88,0.00775,19.664
Canada,CAN,1995,20679.634792669,77.9773170731707,4.16,9.489
Switzerland,CHE,1995,50113.8321221345,78.4170731707317,3.55,3.094
Chile,CHL,1995,5081.4682771561,75.298,0.347,7.309
China,CHN,1995,612.680277898627,70.363,0.00495,1.147
Cote d'Ivoire,CIV,1995,740.4730999133,51.713,0.0002,4.1
Colombia,COL,1995,2583.66576349858,69.81,0.188,8.72
Cuba,CUB,1995,2785.24442954103,74.346,9.17e-05,8.3
Cyprus,CYP,1995,15261.4169921875,76.583,0.41,5.939
Czechia,CZE,1995,5865.29460556726,73.0748780487805,1.45,4.082
Germany,DEU,1995,31747.2449398447,76.4219512195122,1.84,8.158
Denmark,DNK,1995,35321.0980773087,75.2126829268293,3.83,6.992
Algeria,DZA,1995,1466.94806760415,67.691,0.00177,31.843
Ecuador,ECU,1995,2108.00698245316,71.349,0.0438,6.701
"Egypt, Arab Rep.",EGY,1995,916.326617700876,65.214,0.0313,11.039
Spain,ESP,1995,15460.9110266653,77.9807317073171,0.381,22.675
Finland,FIN,1995,26246.2743214462,76.409512195122,13.9,17.005
Fiji,FJI,1995,2466.74347815903,66.007,0.00912,5.4
France,FRA,1995,26791.8151982369,77.7512195121951,1.64,11.834
United Kingdom,GBR,1995,23252.6157127423,76.8365853658537,1.9,8.694
Greece,GRC,1995,12779.081491606,77.5853658536585,0.75,10.116
"Hong Kong SAR, China",HKG,1995,23497.3920767477,78.6787804878049,3.22,3.22
Honduras,HND,1995,814.049075569071,66.919,0.0368,3.239
Hungary,HUN,1995,4509.41740910077,69.7917073170732,0.677,10.171
Ireland,IRL,1995,19158.4564773907,75.4693170731707,1.11,11.97
Iceland,ISL,1995,27564.569102386,77.9843902439024,11.2,5.196
Israel,ISR,1995,19025.6840502517,77.4512195121951,0.93,6.872
Italy,ITA,1995,20712.1798690324,78.1707317073171,0.524,11.661
Jamaica,JAM,1995,2630.84935382822,71.488,0.109,16.244
Jordan,JOR,1995,1415.71151592128,70.915,0.0232,14.6
Japan,JPN,1995,44197.6191013908,79.5360975609756,1.59,3.2
Kazakhstan,KAZ,1995,1217.79138769863,63.717,0.0113,10.983
"Korea, Rep.",KOR,1995,13001.7205867019,73.7,0.82,2.016
St. Lucia,LCA,1995,5147.92024022295,71.172,0.306,15.839
Sri Lanka,LKA,1995,741.838255293455,69.746,0.00548,12.209
Luxembourg,LUX,1995,51032.349635318,76.5121951219512,1.59,2.918
"Macao SAR, China",MAC,1995,17215.1178522275,76.7585365853659,0.28,3.587
Morocco,MAR,1995,1466.78820800781,64.725,0.00371,22.86
Maldives,MDV,1995,1554.60942754604,66.962,0.0,0.786
North Macedonia,MKD,1995,2355.24705371138,71.8487804878049,0.0407,35.6
Malta,MLT,1995,9828.32354719517,77.290243902439,0.225,3.7
Mongolia,MNG,1995,652.67456284915,60.892512195122,0.00881,5.549
Malaysia,MYS,1995,4363.14458333034,71.979,0.146,3.146
Netherlands,NLD,1995,29301.1940492376,77.4046341463415,6.47,7.157
Norway,NOR,1995,34875.7043347536,77.7365853658537,6.42,6.307
New Zealand,NZL,1995,17400.4201848172,76.7341463414634,4.88,6.462
Pakistan,PAK,1995,450.550279346206,60.273,0.000123,5.029
Panama,PAN,1995,3513.89737854631,71.994,0.0561,14.012
Peru,PER,1995,2189.53431515311,67.22,0.0334,7.072
Philippines,PHL,1995,1199.84171414993,66.311,0.0286,8.36
Poland,POL,1995,3700.95956775144,71.8926829268293,0.648,13.339
Puerto Rico (US),PRI,1995,11579.1849969985,73.571,0.135,13.925
Portugal,PRT,1995,11781.3618502221,75.3121951219512,1.49,7.064
Romania,ROU,1995,1650.04922365201,69.4560975609756,0.075,8.006
Singapore,SGP,1995,24914.8507020358,76.2951219512195,2.87,3.3
Suriname,SUR,1995,1609.82504373206,62.779,0.115,8.39
Slovak Republic,SVK,1995,4882.51158238228,72.2536585365854,0.523,13.103
Slovenia,SVN,1995,10738.0887611468,73.9585365853659,2.9,7.361
Sweden,SWE,1995,30254.0273028727,78.7404878048781,5.1,8.897
Eswatini,SWZ,1995,1750.75400773784,55.08,0.00103,21.651
Syrian Arab Republic,SYR,1995,779.699100153744,70.209,0.0,7.2
Thailand,THA,1995,2864.36515719866,69.757,0.0748,1.1
Trinidad and Tobago,TTO,1995,4114.68908475464,67.995,0.158,17.217
Turkiye,TUR,1995,3845.98997887841,69.734,0.0817,7.241
Ukraine,UKR,1995,933.191772460938,67.114,0.0431,5.62
Uruguay,URY,1995,6050.48632253644,73.493,0.31,10.235
United States,USA,1995,28690.8757013347,75.6219512195122,9.24,5.65
Uzbekistan,UZB,1995,582.54213674034,64.67,0.00153,0.4
"Venezuela, RB",VEN,1995,3486.98350635919,71.714,0.122,10.236
South Africa,ZAF,1995,3855.6340871567,61.603,0.677,43.794
Albania,ALB,1996,1020.97618050188,74.113,0.0322,12.3
Argentina,ARG,1996,7663.21271287469,73.056,0.142,17.112
Armenia,ARM,1996,487.068624404558,69.0061219512195,0.0946,9.3
Australia,AUS,1996,22055.838490507,78.0780487804878,3.28,8.506
Austria,AUT,1996,29645.9451251491,76.8707317073171,6.91,5.282
Azerbaijan,AZE,1996,409.185543774103,62.66,0.00635,0.858
Belgium,BEL,1996,27489.5551770488,77.1873170731707,2.97,9.483
Bulgaria,BGR,1996,1470.19259250682,70.8973170731707,0.725,13.746
"Bahamas, The",BHS,1996,11783.797197226,71.464,1.75,11.505
Belarus,BLR,1996,1427.26896385327,68.5121951219512,0.0293,4.0
Belize,BLZ,1996,4043.26517997242,69.363,0.883,13.817
Bolivia,BOL,1996,922.113259069714,60.287,0.196,3.8
Brazil,BRA,1996,5179.13052009976,68.108,0.451,8.035
Barbados,BRB,1996,9011.77884838722,74.065,0.389,15.8
Botswana,BWA,1996,3156.26865681161,54.284,0.157,21.593
Canada,CAN,1996,21296.9723536904,78.220243902439,6.76,9.62
Switzerland,CHE,1996,48092.6433036512,78.8960975609756,4.55,3.684
Chile,CHL,1996,5333.50438729711,75.555,0.683,5.71
China,CHN,1996,713.337387811657,70.823,0.0131,1.168
Colombia,COL,1996,2664.64056059983,70.209,0.33,11.806
Cuba,CUB,1996,2282.18809324202,74.69,0.0319,7.6
Cyprus,CYP,1996,15139.220703125,76.88,0.673,3.1
Czechia,CZE,1996,6573.19643136362,73.7146341463415,1.94,3.852
Germany,DEU,1996,30599.7891048363,76.6731707317073,3.05,8.822
Denmark,DNK,1996,35621.9878051732,75.5914634146342,5.71,6.844
Dominican Republic,DOM,1996,2270.86558687203,69.595,0.075,15.371
Ecuador,ECU,1996,2135.8479374308,71.82,0.0862,10.376
"Egypt, Arab Rep.",EGY,1996,1008.97637629447,65.733,0.0615,9.0
Spain,ESP,1996,16100.6215831114,78.1204878048781,1.33,22.142
Finland,FIN,1996,25756.6777073618,76.6934146341464,16.8,15.572
Fiji,FJI,1996,2648.32766264,66.202,0.0644,3.7
France,FRA,1996,26757.6351494145,77.9536585365854,2.58,12.367
United Kingdom,GBR,1996,24503.3829602903,77.0878048780488,4.12,8.189
Georgia,GEO,1996,689.034634153312,70.637,0.0401,2.4
Greece,GRC,1996,13432.5262183244,77.6853658536585,1.4,10.402
Grenada,GRD,1996,3508.294236637,72.373,0.298,16.891
Greenland,GRL,1996,21422.4609853672,65.7673170731707,1.8,12.922
"Hong Kong SAR, China",HKG,1996,24818.3021600084,79.6275609756098,4.75,2.83
Honduras,HND,1996,812.817047602244,67.263,0.0437,4.372
Croatia,HRV,1996,5299.6410536193,72.3653658536585,0.859,9.952
Hungary,HUN,1996,4542.0120380978,70.3287804878049,0.969,10.022
Indonesia,IDN,1996,1118.92133024129,65.465,0.0566,4.861
Ireland,IRL,1996,20835.8977130847,75.8317073170732,2.2,11.692
"Iran, Islamic Rep.",IRN,1996,1914.78121294313,68.328,0.0158,9.1
Iceland,ISL,1996,28583.5208959793,78.7778048780488,14.8,3.6
Israel,ISR,1996,20224.2789080629,78.1048780487805,2.17,6.682
Italy,ITA,1996,23122.9337219116,78.5219512195122,1.02,11.864
Jamaica,JAM,1996,2928.89692611996,71.328,0.591,16.014
Jordan,JOR,1996,1410.17424189419,71.105,0.0449,13.7
Japan,JPN,1996,39150.0396308089,80.219756097561,4.37,3.4
Kazakhstan,KAZ,1996,1281.39152895397,63.455,0.0318,12.96
"Korea, Rep.",KOR,1996,13864.9376534518,74.1512195121951,1.62,2.004
Kuwait,KWT,1996,18201.0958607918,75.9250487804878,0.856,0.7
St. Lucia,LCA,1996,5244.01665086076,70.963,0.67,16.325
Sri Lanka,LKA,1996,776.192371057587,69.841,0.0545,10.826
Lithuania,LTU,1996,2340.67545970008,70.1080487804878,0.277,15.588
Luxembourg,LUX,1996,50444.3591236175,76.519512195122,5.55,3.286
Latvia,LVA,1996,2360.1714816213,68.7765853658537,0.813,20.196
"Macao SAR, China",MAC,1996,17289.5517956917,77.5439024390244,0.727,4.171
Morocco,MAR,1996,1596.83239746094,65.226,0.00568,17.761
Moldova,MDA,1996,575.145455139019,66.248,0.00464,1.542
North Macedonia,MKD,1996,2306.53366957635,72.4951219512195,0.076,31.799
Malta,MLT,1996,10061.850192141,77.3414634146342,1.05,4.4
Mongolia,MNG,1996,595.5810149554,60.994,0.0182,6.715
Malaysia,MYS,1996,4837.16897250768,72.119,0.852,2.516
New Caledonia,NCL,1996,17592.0502745845,71.75,0.253,18.64
Nicaragua,NIC,1996,910.861645917295,65.215,0.0841,10.375
Netherlands,NLD,1996,29063.6236532536,77.4356097560976,9.65,6.421
Norway,NOR,1996,37321.9741993473,78.1504878048781,18.3,5.036
Nepal,NPL,1996,198.821907435345,60.044,0.00451,4.5
New Zealand,NZL,1996,18794.436039393,76.7878048780488,8.04,6.298
Pakistan,PAK,1996,456.996961832943,60.466,0.00299,4.788
Panama,PAN,1996,3308.18430390528,72.199,0.22,14.316
Peru,PER,1996,2226.91682429265,67.85,0.246,7.07
Philippines,PHL,1996,1311.09249403865,66.691,0.0559,7.411
Poland,POL,1996,4163.51195431959,72.2463414634146,1.3,12.343
Puerto Rico (US),PRI,1996,12173.163688986,73.995,0.268,13.64
Portugal,PRT,1996,12185.0914010629,75.2609756097561,2.98,7.298
Paraguay,PRY,1996,2088.17109102236,69.05,0.0204,8.153
French Polynesia,PYF,1996,18475.7253329475,76.813,0.091,14.386
Romania,ROU,1996,1633.01064354117,69.1048780487805,0.222,6.744
Rwanda,RWA,1996,206.04911417485,42.486,0.000883,0.564
Singapore,SGP,1996,26232.866096827,76.5951219512195,8.35,3.57
El Salvador,SLV,1996,1651.31016800895,65.48,0.0864,7.229
Suriname,SUR,1996,1962.88495820295,63.079,0.226,11.017
Slovak Republic,SVK,1996,5247.70081044708,72.6536585365854,0.783,11.328
Slovenia,SVN,1996,10796.7399446283,74.4585365853658,5.07,6.879
Sweden,SWE,1996,33022.2444768661,78.9590243902439,9.04,9.547
Thailand,THA,1996,3054.65690806473,69.94,0.115,1.071
Trinidad and Tobago,TTO,1996,4427.27832448289,68.039,0.393,16.252
Turkiye,TUR,1996,4041.36210281686,70.245,0.193,6.265
Ukraine,UKR,1996,869.846069335938,67.097,0.0986,7.65
Uruguay,URY,1996,6398.43575184095,73.812,1.85,11.927
United States,USA,1996,29967.7127181749,76.0268292682927,16.4,5.451
Viet Nam,VNM,1996,337.051231790277,71.296,0.000135,1.93
Zambia,ZMB,1996,399.511304742449,45.757,0.00907,15.3
Albania,ALB,1997,728.545523729675,73.383,0.0486,14.9
Argentina,ARG,1997,8146.78710021431,73.407,0.28,14.82
Armenia,ARM,1997,505.035887057966,69.3938292682927,0.112,10.8
Australia,AUS,1997,23683.4948964934,78.4804878048781,16.4,8.362
Austria,AUT,1997,26571.7523626508,77.319512195122,9.53,5.15
Azerbaijan,AZE,1997,505.516204188336,62.953,0.0252,1.026
Belgium,BEL,1997,24820.9380503896,77.3707317073171,4.94,8.95
Bulgaria,BGR,1997,1361.40938439884,70.3512195121951,1.22,13.7
"Bahamas, The",BHS,1997,20367.5732702056,71.597,1.36,9.795
Belarus,BLR,1997,1396.44201900881,68.4609756097561,0.049,2.8
Belize,BLZ,1997,4014.40380600241,69.183,1.29,12.676
Bolivia,BOL,1997,970.351843368594,60.745,0.448,3.7
Brazil,BRA,1997,5299.39794248133,68.505,0.786,9.003
Barbados,BRB,1997,9521.57127377123,73.988,0.783,14.608
Canada,CAN,1997,21901.5628548392,78.4124390243903,15.1,9.1
Switzerland,CHE,1997,41584.441782159,79.079512195122,15.1,4.127
China,CHN,1997,786.743548510999,71.227,0.0324,1.384
Colombia,COL,1997,2873.2814350993,70.632,0.551,12.14
Cuba,CUB,1997,2306.42483397336,75.064,0.0682,7.1
Cyprus,CYP,1997,14234.2412109375,77.119,4.38,3.4
Czechia,CZE,1997,6069.38762357837,73.8248780487805,2.92,4.674
Germany,DEU,1997,27046.9565464237,77.0731707317073,6.71,9.861
Denmark,DNK,1997,32779.879045297,75.9451219512195,11.4,5.4
Algeria,DZA,1997,1628.76100561506,68.859,0.0103,25.431
Ecuador,ECU,1997,2340.76600026857,72.007,0.11,9.169
"Egypt, Arab Rep.",EGY,1997,1146.20172117634,66.207,0.0905,8.372
Spain,ESP,1997,14722.3717633536,78.6041463414634,2.8,20.698
Estonia,EST,1997,3682.95230146695,69.809756097561,5.71,10.369
Finland,FIN,1997,24682.29083271,76.8785365853659,19.5,14.967
France,FRA,1997,24169.4008102822,78.3048780487805,4.26,12.566
United Kingdom,GBR,1997,26910.1381529902,77.2109756097561,7.39,7.072
Georgia,GEO,1997,807.032285752352,69.683,0.0609,5.0
Greece,GRC,1997,13015.9175046854,78.1365853658537,1.85,10.472
Greenland,GRL,1997,19145.614890096,65.7980487804878,7.95,10.077
"Hong Kong SAR, China",HKG,1997,27330.0933613355,80.1121951219512,10.5,2.22
Honduras,HND,1997,917.272651200904,67.542,0.171,3.322
Croatia,HRV,1997,5331.02343858808,72.4951219512195,1.73,9.906
Hungary,HUN,1997,4606.0569733295,70.7024390243902,1.94,8.991
Indonesia,IDN,1997,1044.60674832472,65.774,0.195,4.684
Ireland,IRL,1997,22551.1139134126,75.9853658536585,4.09,10.191
Iceland,ISL,1997,28461.7664095122,78.8853658536585,27.5,3.72
Israel,ISR,1997,20469.4699017497,78.0,4.4,7.681
Italy,ITA,1997,21883.9872666651,78.8243902439024,2.28,11.985
Jamaica,JAM,1997,3296.91634805083,71.216,0.798,16.485
Japan,JPN,1997,35638.2319556941,80.4241463414634,9.16,3.4
Kazakhstan,KAZ,1997,1381.63593295187,63.318,0.0646,13.008
Cambodia,KHM,1997,297.59041960803,57.266,0.00584,0.638
"Korea, Rep.",KOR,1997,12821.6893313675,74.6024390243903,3.6,2.576
Kuwait,KWT,1997,16977.3895620399,75.9071463414634,2.17,0.7
Lebanon,LBN,1997,3834.0590787531,72.94,1.24,8.618
St. Lucia,LCA,1997,5282.37011402006,70.778,0.992,20.468
Sri Lanka,LKA,1997,827.035756058631,69.934,0.162,9.741
Lesotho,LSO,1997,501.981388900965,53.733,0.00558,37.941
Lithuania,LTU,1997,2844.16286797492,70.9090243902439,0.978,14.134
Luxembourg,LUX,1997,46641.6408754876,76.880487804878,7.14,2.527
Latvia,LVA,1997,2609.89308697195,69.3492682926829,2.05,14.712
"Macao SAR, China",MAC,1997,17415.6982810978,77.6463414634146,2.36,3.137
Morocco,MAR,1997,1426.30114746094,65.616,0.0216,16.665
North Macedonia,MKD,1997,1959.56073782188,72.4463414634146,0.504,36.0
Mali,MLI,1997,320.75152297828,49.086,0.0101,3.3
Malta,MLT,1997,9893.18898998688,77.7390243902439,3.92,5.0
Mongolia,MNG,1997,515.298004947316,61.414512195122,0.113,7.686
Mozambique,MOZ,1997,287.532091475389,47.8,0.0118,2.696
Malaysia,MYS,1997,4678.56390058182,72.296,2.31,2.446
Namibia,NAM,1997,2459.64511763936,55.844,0.0588,19.5
Netherlands,NLD,1997,26744.9601318097,77.7943902439024,14.1,5.511
Norway,NOR,1997,36629.0309036621,78.1426829268293,20.4,4.687
New Zealand,NZL,1997,17474.187029724,77.3341463414634,14.6,6.848
Pakistan,PAK,1997,438.030942680153,60.623,0.0275,5.812
Panama,PAN,1997,3545.97670392453,72.541,0.539,13.371
Peru,PER,1997,2300.67200774461,68.324,0.403,4.828
Philippines,PHL,1997,1273.27604875636,66.994,0.137,7.854
Poland,POL,1997,4137.00831823145,72.6463414634146,2.07,10.964
Puerto Rico (US),PRI,1997,12817.6449621352,74.674,1.33,13.801
Portugal,PRT,1997,11575.5071124358,75.4121951219512,4.95,6.571
Paraguay,PRY,1997,2078.50841313824,69.284,0.0996,5.356
Romania,ROU,1997,1577.33656023974,69.0048780487805,0.445,5.515
Singapore,SGP,1997,26375.8653668113,76.8975609756097,13.5,2.5
El Salvador,SLV,1997,1748.92111971129,66.248,0.257,7.687
San Marino,SMR,1997,37852.9810311,79.677,1.42,4.4
Suriname,SUR,1997,2067.59814938391,63.385,1.0,10.564
Slovak Republic,SVK,1997,5172.41757491248,72.7048780487805,1.17,11.882
Slovenia,SVN,1997,10436.7260661871,74.7073170731707,7.59,6.648
Sweden,SWE,1997,30324.1845796306,79.1975609756098,23.7,10.359
Eswatini,SWZ,1997,1705.39874942229,51.699,0.0885,22.5
Syrian Arab Republic,SYR,1997,940.826589804978,70.158,0.0326,0.0
Thailand,THA,1997,2473.14096982086,70.362,0.361,0.873
Trinidad and Tobago,TTO,1997,4393.94496943068,68.143,1.17,15.009
Tunisia,TUN,1997,2202.06090620956,71.67,0.0437,15.942
Turkiye,TUR,1997,4197.37636165642,70.668,0.474,6.452
Ukraine,UKR,1997,987.489807128906,67.658,0.199,8.93
Uruguay,URY,1997,7436.29342620682,73.92,3.36,11.444
United States,USA,1997,31459.1389804773,76.4292682926829,21.6,5.0
Viet Nam,VNM,1997,361.643884085566,71.67,0.00398,2.868
South Africa,ZAF,1997,3700.23554789867,60.538,1.63,35.113
Zimbabwe,ZWE,1997,750.583100340929,48.536,0.0331,6.935
Albania,ALB,1998,831.175344077295,74.357,0.065,17.7
Argentina,ARG,1998,8218.99212764682,73.412,0.831,12.649
Armenia,ARM,1998,590.239947333459,69.7993414634146,0.129,9.4
Australia,AUS,1998,21516.0403147759,78.6317073170732,30.8,7.676
Austria,AUT,1998,27212.4642905708,77.6707317073171,15.4,5.483
Azerbaijan,AZE,1998,561.906807871869,63.75,0.0375,1.13
Burundi,BDI,1998,144.456948255536,46.678,0.0158,0.558
Belgium,BEL,1998,25338.4432934904,77.4731707317073,7.89,9.322
Burkina Faso,BFA,1998,249.53173292493,50.163,0.0454,2.5
Bulgaria,BGR,1998,1820.44866449942,71.0609756097561,1.84,12.2
Bahrain,BHR,1998,11625.0343768343,74.138,3.22,43.156
"Bahamas, The",BHS,1998,21667.448821694,71.84,2.34,7.854
Belarus,BLR,1998,1511.32531567314,68.4073170731707,0.0739,2.3
Belize,BLZ,1998,4125.92539958166,68.906,2.09,14.312
Brazil,BRA,1998,5105.89246192003,68.848,1.48,10.15
Barbados,BRB,1998,10734.3637242884,74.465,1.97,12.4
Botswana,BWA,1998,2981.19639702109,52.968,0.602,20.86
Canada,CAN,1998,21024.5850687045,78.6236585365854,24.9,8.278
Switzerland,CHE,1998,42680.5867322391,79.3243902439025,24.8,3.568
Chile,CHL,1998,5419.82417297191,76.324,1.66,9.851
China,CHN,1998,835.095348597432,71.601,0.169,2.011
Cote d'Ivoire,CIV,1998,1177.37133815342,51.22,0.061,2.857
Colombia,COL,1998,2604.87166959518,70.924,1.13,15.0
Cuba,CUB,1998,2332.30656133119,75.412,0.227,6.2
Cyprus,CYP,1998,15092.828125,77.164,8.89,3.3
Czechia,CZE,1998,6526.59635780951,74.5146341463415,3.9,6.455
Germany,DEU,1998,27395.9440608051,77.4756097560976,9.88,9.787
Denmark,DNK,1998,33346.4884298957,76.1390243902439,22.7,5.039
Ecuador,ECU,1998,2284.01572847769,71.949,0.125,11.492
"Egypt, Arab Rep.",EGY,1998,1212.82259820477,66.635,0.148,8.029
Spain,ESP,1998,15382.3348573373,78.6658536585366,4.36,18.673
Estonia,EST,1998,4093.39247738765,69.3585365853659,10.8,9.51
Finland,FIN,1998,25999.9861694953,77.0907317073171,25.5,13.214
France,FRA,1998,24869.4030795939,78.6048780487805,6.32,12.074
United Kingdom,GBR,1998,28396.3523548013,77.190243902439,13.7,6.198
Georgia,GEO,1998,851.515542450841,69.787,0.103,14.53
Ghana,GHA,1998,400.366799508524,57.525,0.0322,8.2
Greece,GRC,1998,13022.9648774809,77.8390243902439,3.22,12.227
Grenada,GRD,1998,4206.28052894181,72.762,1.48,15.244
Greenland,GRL,1998,20496.578783559,66.1570731707317,14.7,11.558
"Hong Kong SAR, China",HKG,1998,25808.8609899709,80.1068292682927,14.5,4.58
Honduras,HND,1998,988.655986927253,62.432,0.301,4.019
Croatia,HRV,1998,5712.58985659548,72.3170731707317,3.27,11.392
Hungary,HUN,1998,4751.7732430202,70.5578048780488,3.89,8.925
Indonesia,IDN,1998,454.877800792123,65.942,0.255,5.459
Ireland,IRL,1998,24294.8547674007,76.1804878048781,8.1,7.699
Iceland,ISL,1998,31519.1647473126,79.6024390243903,36.3,3.069
Israel,ISR,1998,20188.8141481667,78.1487804878049,10.3,8.535
Italy,ITA,1998,22365.1837644545,78.9756097560976,4.56,12.117
Jamaica,JAM,1998,3419.49352868739,71.17,1.98,15.505
Japan,JPN,1998,32423.7556133801,80.5014634146342,13.4,4.1
Kazakhstan,KAZ,1998,1414.59289652597,63.349,0.131,13.127
Cambodia,KHM,1998,258.780953189377,57.859,0.0163,5.258
"Korea, Rep.",KOR,1998,8583.43557499234,75.0048780487805,6.78,6.811
Kuwait,KWT,1998,14066.9509572183,75.9642926829269,3.05,0.7
St. Lucia,LCA,1998,5672.51373770766,70.68,1.3,21.601
Sri Lanka,LKA,1998,847.533577843861,70.134,0.296,9.165
Lithuania,LTU,1998,3180.64498555255,71.219512195122,1.97,13.711
Luxembourg,LUX,1998,47445.3810812051,77.0170731707317,11.7,2.763
Latvia,LVA,1998,2893.79998716563,69.0121951219512,3.32,14.454
"Macao SAR, China",MAC,1998,16094.9913844594,78.2463414634146,7.0,4.511
Morocco,MAR,1998,1668.49755859375,66.008,0.142,19.122
Moldova,MDA,1998,578.734627562193,66.84,0.261,1.025
North Macedonia,MKD,1998,1875.81662735988,72.2975609756098,1.0,34.5
Malta,MLT,1998,10408.1157380149,77.5878048780488,6.5,5.1
Mongolia,MNG,1998,483.878066074871,62.0830731707317,0.146,5.939
Malawi,MWI,1998,236.045479450504,44.3,0.0181,0.0
Malaysia,MYS,1998,3294.30978444095,72.385,6.75,3.197
Nicaragua,NIC,1998,949.155373494771,64.111,0.304,7.511
Netherlands,NLD,1998,27924.281808994,77.8829268292683,22.2,4.394
Norway,NOR,1998,34803.4634058738,78.3292682926829,22.6,3.737
New Zealand,NZL,1998,14738.4455703918,78.0853658536585,31.6,7.725
Pakistan,PAK,1998,424.453697798497,61.134,0.0439,5.703
Panama,PAN,1998,3807.83868807701,72.785,2.75,14.023
Peru,PER,1998,2156.39377651613,68.724,1.19,4.971
Philippines,PHL,1998,982.865943728564,67.212,1.1,9.378
Poland,POL,1998,4533.5356551781,72.9975609756098,4.1,9.935
Puerto Rico (US),PRI,1998,14304.4049868015,74.556,2.65,13.456
Portugal,PRT,1998,12199.206385024,75.7121951219512,9.87,4.64
Paraguay,PRY,1998,1889.88455618586,69.507,0.195,4.417
Romania,ROU,1998,1852.5549693339,69.8073170731708,2.24,5.63
Russian Federation,RUS,1998,1834.86181640625,67.029756097561,0.813,12.068
Singapore,SGP,1998,21829.2737831583,77.3,19.6,3.41
El Salvador,SLV,1998,1859.73085887742,66.655,0.425,7.138
San Marino,SMR,1998,40126.93686908,79.918,1.41,4.1
Suriname,SUR,1998,2428.58641994202,63.706,1.67,10.626
Slovak Republic,SVK,1998,5560.916177503,72.5512195121951,2.69,12.421
Slovenia,SVN,1998,11131.5666628231,74.8073170731708,10.1,7.39
Sweden,SWE,1998,30605.3669074811,79.3390243902439,33.5,8.941
Thailand,THA,1998,1847.70379269771,70.703,1.09,3.404
Trinidad and Tobago,TTO,1998,4612.70900312686,68.331,2.72,14.212
Turkiye,TUR,1998,4331.02761275037,71.144,0.699,6.552
Ukraine,UKR,1998,831.336791992188,67.993,0.301,11.32
Uruguay,URY,1998,7836.89183322307,74.029,6.99,9.362
United States,USA,1998,32853.6769523009,76.5804878048781,30.1,4.511
Viet Nam,VNM,1998,361.350928411167,72.283,0.0131,2.29
South Africa,ZAF,1998,3309.60933087472,59.912,2.91,25.002
Zambia,ZMB,1998,373.084763057408,45.709,0.0302,12.0
Albania,ALB,1999,1056.34481153033,74.568,0.0814,18.4
Argentina,ARG,1999,7705.54288252851,73.683,3.28,14.051
Armenia,ARM,1999,582.669886150895,70.1989512195122,0.971,11.2
Australia,AUS,1999,20749.6443779096,78.9317073170732,40.8,6.872
Austria,AUT,1999,27078.7081612201,77.8756097560976,23.0,4.699
Azerbaijan,AZE,1999,573.893528734031,64.733,0.0992,16.252
Burundi,BDI,1999,127.51419578119,47.627,0.0392,14.0
Belgium,BEL,1999,25252.8019066564,77.619512195122,13.8,8.649
Bulgaria,BGR,1999,1660.9089125393,71.4121951219512,2.91,14.1
Bahrain,BHR,1999,12123.3534715368,74.405,4.72,41.311
"Bahamas, The",BHS,1999,24041.0933188158,72.147,3.76,7.796
Belarus,BLR,1999,1210.6117195862,67.9073170731707,0.495,6.612
Belize,BLZ,1999,4289.5277590653,68.976,4.08,12.841
Bolivia,BOL,1999,979.344494964572,61.655,0.982,3.927
Brazil,BRA,1999,3493.57192043228,69.211,2.04,11.125
Barbados,BRB,1999,11244.3087668392,74.587,2.38,10.61
Bhutan,BTN,1999,685.419830628567,62.032,0.138,1.4
Canada,CAN,1999,22315.2466731545,78.8390243902439,36.2,7.583
Switzerland,CHE,1999,41695.6912912021,79.580487804878,34.0,3.053
China,CHN,1999,881.146614068925,71.952,0.708,1.919
Colombia,COL,1999,2241.22911801216,70.913,1.7,20.06
Cuba,CUB,1999,2561.77980406838,75.719,0.315,6.3
Cyprus,CYP,1999,15287.91796875,77.572,11.3,5.532
Czechia,CZE,1999,6377.6211077224,74.6682926829268,6.83,8.702
Germany,DEU,1999,26965.4922773722,77.7268292682927,20.8,8.854
Dominica,DMA,1999,4817.18105502046,71.527,2.93,15.668
Denmark,DNK,1999,33426.2381077405,76.3414634146341,30.6,5.141
Ecuador,ECU,1999,1575.30234730971,71.92,0.823,13.961
"Egypt, Arab Rep.",EGY,1999,1268.30949160496,67.01,0.29,7.953
Spain,ESP,1999,15707.9473068138,78.7170731707317,7.09,15.475
Estonia,EST,1999,4140.93660232167,70.0634146341463,14.5,11.573
Ethiopia,ETH,1999,120.734631499865,49.486,0.0125,3.714
Finland,FIN,1999,26180.4128562349,77.2912195121951,32.3,11.693
France,FRA,1999,24576.3152254528,78.7560975609756,9.13,11.981
United Kingdom,GBR,1999,28858.0065333126,77.390243902439,21.3,6.042
Georgia,GEO,1999,673.537782887275,70.012,0.416,13.804
Ghana,GHA,1999,403.037326127273,57.835,0.105,10.1
Greece,GRC,1999,12742.5404388143,77.9878048780488,6.88,12.138
Greenland,GRL,1999,20170.322763798,65.8336585365854,21.6,9.033
"Hong Kong SAR, China",HKG,1999,25091.6665997966,80.3726829268293,21.2,6.25
Honduras,HND,1999,999.004383328908,68.005,0.574,3.849
Croatia,HRV,1999,5269.03394637289,72.6419512195122,4.41,13.559
Haiti,HTI,1999,509.578585275375,57.692,0.0707,7.2
Hungary,HUN,1999,4801.95949584162,70.6770731707317,5.86,6.929
Indonesia,IDN,1999,657.268934667018,66.001,0.444,6.358
Ireland,IRL,1999,26338.1077543817,76.0829268292683,10.9,5.804
Iceland,ISL,1999,32834.4215745364,79.3512195121951,41.3,2.178
Israel,ISR,1999,19823.2138876277,78.6585365853659,13.4,8.892
Italy,ITA,1999,22049.9990620261,79.4243902439024,14.4,11.681
Jamaica,JAM,1999,3431.56813468335,71.189,2.36,15.638
Japan,JPN,1999,36610.1683163197,80.4609756097561,21.4,4.7
Kazakhstan,KAZ,1999,1091.54727722159,63.528,0.464,13.465
Kenya,KEN,1999,433.721235701305,55.866,0.114,10.004
Cambodia,KHM,1999,286.753596443196,58.611,0.032,0.039
"Korea, Rep.",KOR,1999,11062.5019301357,75.409756097561,23.6,6.472
Kuwait,KWT,1999,15853.6264423466,76.0779512195122,4.76,0.7
St. Lucia,LCA,1999,5882.83398968649,70.692,1.93,18.092
Sri Lanka,LKA,1999,829.356379527539,70.427,0.348,8.881
Lesotho,LSO,1999,455.650054387377,50.385,0.0538,27.267
Lithuania,LTU,1999,3127.51176667183,71.5707317073171,2.92,13.388
Luxembourg,LUX,1999,50872.4492684624,77.7707317073171,17.4,2.39
Latvia,LVA,1999,3063.89794599707,69.7429268292683,4.39,13.79
Morocco,MAR,1999,1635.65673828125,66.404,0.176,13.939
Marshall Islands,MHL,1999,2257.92000318712,63.421,0.966,30.906
North Macedonia,MKD,1999,1915.39281060996,72.790243902439,1.5,32.4
Malta,MLT,1999,10609.1104477299,77.5,7.76,5.3
Mongolia,MNG,1999,448.660368337533,62.7895365853659,0.508,4.66
Malaysia,MYS,1999,3527.81581379249,72.428,12.3,3.43
Nicaragua,NIC,1999,980.219744675246,65.892,0.498,4.751
Netherlands,NLD,1999,28318.7466538357,77.8365853658537,39.2,3.622
Norway,NOR,1999,36393.2927471088,78.2829268292683,40.0,3.247
Nepal,NPL,1999,208.646667913743,62.035,0.147,1.846
New Zealand,NZL,1999,15322.2238340267,77.890243902439,41.5,7.036
Pakistan,PAK,1999,418.249257055367,61.54,0.0554,5.352
Panama,PAN,1999,3950.34144236614,73.124,3.84,11.751
Peru,PER,1999,1916.53397367908,69.302,1.95,4.367
Philippines,PHL,1999,1101.43515975318,67.503,1.43,9.428
Poland,POL,1999,4415.50067547826,73.0439024390244,5.46,12.29
Puerto Rico (US),PRI,1999,15220.9913420267,75.278,5.27,11.809
Portugal,PRT,1999,12475.2917701476,75.9634146341463,14.7,4.579
Paraguay,PRY,1999,1766.30657288259,69.774,0.382,5.343
Romania,ROU,1999,1599.90622808339,70.5121951219512,2.7,6.239
Russian Federation,RUS,1999,1330.75720214844,65.9821951219512,1.02,12.381
Saudi Arabia,SAU,1999,10452.1899400479,72.29,0.494,4.346
Singapore,SGP,1999,21796.6373891001,77.5512195121951,24.2,4.85
El Salvador,SLV,1999,1908.0804545224,67.285,0.845,7.3
San Marino,SMR,1999,41931.7951488407,80.2,42.8,2.216
Suriname,SUR,1999,1898.1801816053,64.035,1.89,13.754
Slovak Republic,SVK,1999,5651.62327514236,72.9024390243902,5.44,16.099
Slovenia,SVN,1999,11401.4906790909,75.009756097561,12.6,7.324
Sweden,SWE,1999,30968.8710702052,79.4414634146342,41.4,7.607
Syrian Arab Republic,SYR,1999,978.17453169496,70.507,0.124,7.6
Thailand,THA,1999,2033.24490520569,70.979,2.43,2.968
Tajikistan,TJK,1999,175.023764735625,63.114,0.0328,3.0
Turkmenistan,TKM,1999,545.519003106054,64.475,0.045,25.206
Trinidad and Tobago,TTO,1999,5179.08350809274,68.509,5.81,13.117
Tunisia,TUN,1999,2376.06566791596,72.344,1.6,15.205
Turkiye,TUR,1999,3973.77763854116,70.752,2.29,7.445
Ukraine,UKR,1999,631.910461425781,68.004,0.405,11.587
Uruguay,URY,1999,7370.56995453931,74.293,9.97,10.466
United States,USA,1999,34515.3902272076,76.5829268292683,35.8,4.219
Viet Nam,VNM,1999,375.994455900496,72.575,0.129,2.329
"Yemen, Rep.",YEM,1999,401.448141660801,62.275,0.0566,11.464
South Africa,ZAF,1999,3242.36830483958,59.19,4.12,25.369
Zimbabwe,ZWE,1999,582.299355588147,46.379,0.162,6.0
Aruba,ABW,2000,20681.0230269625,72.939,15.4428229480349,6.923
Albania,ALB,2000,1160.42047054038,74.826,0.114097346552109,16.8
United Arab Emirates,ARE,2000,29865.502347066,76.347,23.6253008751553,2.253
Argentina,ARG,2000,7637.01489203628,73.91,7.0386830862178,15.0
Armenia,ARM,2000,593.450581742282,72.8804878048781,1.30047002237784,11.712
Australia,AUS,2000,21908.9968019784,79.2341463414634,46.7561156116738,6.283
Austria,AUT,2000,24487.2974685956,78.1268292682927,33.7301329516915,4.687
Azerbaijan,AZE,2000,655.097249579917,65.377,0.147757575623251,11.778
Belgium,BEL,2000,23098.8865077401,77.7219512195122,29.4316916924341,6.586
Bangladesh,BGD,2000,396.670730249751,62.049,0.0710394230507683,3.27
Bulgaria,BGR,2000,1621.26210738992,71.6634146341463,5.37092346908696,16.218
Belarus,BLR,2000,1276.2880341,68.9121951219512,1.86039812615388,2.1
Bermuda,BMU,2000,56542.9569455727,78.251,42.9498600152711,2.714
Bolivia,BOL,2000,975.777060358751,62.057,1.4427635847914,4.79
Barbados,BRB,2000,11674.6736471764,74.58,3.97367835457927,9.347
Botswana,BWA,2000,3450.81180622992,52.263,2.90266662177209,15.88
Canada,CAN,2000,24271.0020563821,79.1668292682927,51.3,6.829
Switzerland,CHE,2000,38865.021939688,79.6804878048781,47.1,2.658
Chile,CHL,2000,5052.99245766325,77.128,16.6,10.399
China,CHN,2000,969.199513696287,72.288,1.77591320677415,3.707
Colombia,COL,2000,2555.00751039968,70.905,2.207532992624,20.523
Cuba,CUB,2000,2751.3817714814,75.922,0.541182548811058,5.4
Cyprus,CYP,2000,14388.3525390625,77.9,15.2553943710137,4.766
Czechia,CZE,2000,6062.92152842793,74.9682926829268,9.78052788834393,8.764
Germany,DEU,2000,23925.8559901991,77.9268292682927,30.2163466048889,7.917
Denmark,DNK,2000,30722.0251837567,76.5926829268293,39.1724308555053,4.476
Dominican Republic,DOM,2000,2831.45883638033,70.365,3.70469235587688,6.432
Algeria,DZA,2000,1772.92869122761,70.576,0.491705679141589,29.774
Ecuador,ECU,2000,1382.23421759909,72.09,1.46218853556457,4.8
"Egypt, Arab Rep.",EGY,2000,1366.09274372613,67.332,0.641265037504813,8.984
Spain,ESP,2000,14743.2671031455,78.9658536585366,13.6249608089899,13.785
Estonia,EST,2000,4070.60902410208,70.4170731707317,28.5769538105646,13.36
Finland,FIN,2000,24335.9225082659,77.4658536585366,37.2484617371121,11.134
France,FRA,2000,22340.5939516217,79.0560975609756,14.3079239430677,10.218
Faroe Islands,FRO,2000,23322.7593357515,78.4119073170732,32.916392363397,4.167
United Kingdom,GBR,2000,28383.8761094996,77.7414634146342,26.8217543508578,5.558
Georgia,GEO,2000,749.908534993961,70.091,0.484746298540492,10.82
Ghana,GHA,2000,253.746936203344,58.139,0.153615297625799,10.456
Greece,GRC,2000,11638.2010697215,77.8878048780488,9.13883730776798,11.345
Greenland,GRL,2000,19009.0774407515,64.8034146341463,31.7478112321162,11.025
Guatemala,GTM,2000,1648.96578971559,67.102,0.712332904508925,1.912
"Hong Kong SAR, China",HKG,2000,25756.7728723704,80.8731707317073,27.8277606812581,4.92
Croatia,HRV,2000,4953.65158789022,72.8078048780488,6.64488254374396,16.064
Hungary,HUN,2000,4629.91760812548,71.2463414634146,6.99967635062916,6.563
Indonesia,IDN,2000,763.711124950924,66.292,0.925563864466858,6.077
India,IND,2000,442.750218937263,62.749,0.527532449930946,2.731
Ireland,IRL,2000,26334.5672050501,76.5365853658537,17.8504672405807,4.318
Iceland,ISL,2000,32503.578963236,79.6536585365854,44.470533824288,1.936
Israel,ISR,2000,21706.5194056329,78.9536585365854,20.8737899981674,8.78
Italy,ITA,2000,20190.0035636084,79.7780487804878,23.1108742441037,10.834
Jordan,JOR,2000,1570.61002940477,71.926,2.62327542156362,13.7
Japan,JPN,2000,39169.3595701504,81.0760975609756,29.9907403589142,4.748
Kazakhstan,KAZ,2000,1180.0444563226,63.793,0.668594402621264,12.753
Kyrgyz Republic,KGZ,2000,279.621738464365,68.5585365853659,1.04140114469361,7.544
Cambodia,KHM,2000,296.426687526334,59.491,0.047022640068885,2.764
"Korea, Rep.",KOR,2000,12710.2995795579,75.909756097561,44.7,4.063
Kuwait,KWT,2000,19296.3471698729,76.2258780487805,6.73139576837536,0.8
St. Lucia,LCA,2000,5879.56191426207,70.779,5.09048334139327,16.492
Liechtenstein,LIE,2000,76087.911114202,76.8268292682927,36.5152298938015,1.275
Sri Lanka,LKA,2000,860.199884304769,71.179,0.647410010940963,7.74
Lithuania,LTU,2000,3300.63634928559,72.0195121951219,6.42706749477765,15.931
Luxembourg,LUX,2000,48659.5988753233,77.8731707317073,22.8873279731211,2.345
Latvia,LVA,2000,3278.17896440803,70.3146341463415,6.31906208267861,14.211
"Macao SAR, China",MAC,2000,15731.4081633771,80.1829268292683,13.6085897418451,6.874
Monaco,MCO,2000,81789.0206522549,82.121,42.1848634460346,3.6
Moldova,MDA,2000,440.538683980372,67.462,1.28284641670022,8.539
Madagascar,MDG,2000,280.282905559649,57.974,0.196394691006341,5.799
Maldives,MDV,2000,2213.81235053178,70.892,2.2038729393788,1.968
North Macedonia,MKD,2000,1861.89899780644,72.9463414634147,2.48556631640066,32.2
Malta,MLT,2000,10348.4858902403,78.3487804878049,13.1137087111024,6.324
Mongolia,MNG,2000,476.02755082717,63.2104878048781,1.25565200358112,4.551
Malaysia,MYS,2000,4083.52874483605,72.732,21.3847311644538,3.002
Namibia,NAM,2000,2156.67590512714,52.946,1.64473954726899,20.3
Netherlands,NLD,2000,26225.1697734149,77.9878048780488,43.984351373138,2.725
Norway,NOR,2000,38178.2368777076,78.6341463414634,52.0,3.458
New Zealand,NZL,2000,13641.1027183822,78.6365853658537,47.3795565432096,6.137
Oman,OMN,2000,9753.84755185404,73.643,3.52042141651097,22.916
Panama,PAN,2000,3975.09310275544,73.443,6.55479647729549,13.525
Peru,PER,2000,1945.41338451698,69.821,3.07643061137675,4.069
Papua New Guinea,PNG,2000,635.957919047725,61.609,0.835249302427624,2.921
Poland,POL,2000,4520.64100449111,73.7487804878049,7.2854287080601,14.928
Puerto Rico (US),PRI,2000,16192.1269719638,75.514,10.4746482089399,10.154
Portugal,PRT,2000,11526.3720667968,76.3146341463415,16.4304676923534,3.806
Paraguay,PRY,2000,1736.11729210765,70.026,0.747630711548184,7.607
West Bank and Gaza,PSE,2000,1476.17185000238,70.298,1.11130620708969,10.625
Romania,ROU,2000,1659.92904910528,71.1634146341463,3.61371729139783,6.969
Russian Federation,RUS,2000,1771.59411621094,65.4836585365854,1.97723010897647,10.719
Saudi Arabia,SAU,2000,11714.5623675159,72.607,2.21069180908888,4.57
Singapore,SGP,2000,23852.8389514753,77.9512195121951,36.0,3.7
El Salvador,SLV,2000,1982.87093542615,67.711,1.17739726914477,6.96
San Marino,SMR,2000,37600.7077379601,80.504,48.7994953055999,2.244
Sao Tome and Principe,STP,2000,529.089383412262,61.207,4.6385168164075,14.4
Slovak Republic,SVK,2000,5421.6448441887,73.0512195121951,9.42680320061637,18.546
Slovenia,SVN,2000,10135.7219109212,75.4121951219512,15.1102595640388,6.918
Sweden,SWE,2000,29632.5890811623,79.6439024390244,45.6876522122282,5.466
Thailand,THA,2000,2005.97694514234,71.205,3.68904127944164,2.389
Tajikistan,TJK,2000,136.925716400723,63.542,0.048599594582182,2.7
Trinidad and Tobago,TTO,2000,6178.58975559687,68.629,7.72141147401745,12.096
Tunisia,TUN,2000,2199.04465936314,72.604,2.75074029298135,14.94
Turkiye,TUR,2000,4199.3798635759,71.931,3.761685035075,6.488
Ukraine,UKR,2000,653.294311523438,67.786,0.716183762031043,11.633
Uruguay,URY,2000,6987.70098766257,74.693,10.5390577480141,12.627
United States,USA,2000,36329.9560727102,76.6365853658537,43.0791626375201,3.992
Uzbekistan,UZB,2000,555.149231099186,65.456,0.484347307694947,0.4
Viet Nam,VNM,2000,404.029784055118,72.746,0.254248275754934,2.256
South Africa,ZAF,2000,3217.84693448467,58.368,5.34855973203537,29.88
Zambia,ZMB,2000,359.429500988221,46.577,0.191071642503428,12.931
Aruba,ABW,2001,20740.1325828172,73.044,17.1,6.9
Albania,ALB,2001,1326.41652388077,75.083,0.325798377067964,16.4
Argentina,ARG,2001,7141.47507662826,74.154,9.78080728532407,17.322
Armenia,ARM,2001,659.588988535629,72.9756097560976,1.63109466677715,35.964
Antigua and Barbuda,ATG,2001,11539.1825063308,75.108,8.89928551450583,8.42
Australia,AUS,2001,19733.6510102645,79.6341463414634,52.6892664310395,6.742
Austria,AUT,2001,24430.495982841,78.5756097560976,39.1854501811114,4.007
Azerbaijan,AZE,2001,703.670998584686,66.043,0.305564637615618,10.913
Belgium,BEL,2001,23015.0712632462,77.9731707317073,31.2883955056566,6.178
Bulgaria,BGR,2001,1770.90704918691,71.7682926829268,7.6122977487982,19.921
Bahrain,BHR,2001,13573.2339887597,74.942,15.0386342513918,5.501
"Bahamas, The",BHS,2001,25371.9237667614,72.765,11.8,6.883
Bosnia and Herzegovina,BIH,2001,1387.89362942121,75.573,1.20052695129649,16.1
Belarus,BLR,2001,1244.37318523431,68.5073170731707,4.30061602151712,2.3
Bolivia,BOL,2001,930.168227214313,62.538,2.1204625341365,5.242
Brazil,BRA,2001,3176.28975052524,69.98,4.52849486902851,10.649
Barbados,BRB,2001,11639.5160522054,74.707,11.9364503383984,9.85
Brunei Darussalam,BRN,2001,18287.8272281914,74.209,12.9177690823013,7.196
Bhutan,BTN,2001,812.238210772056,63.323,0.864628564215099,1.9
Botswana,BWA,2001,3206.07123689853,52.21,3.43088678702599,19.6
Canada,CAN,2001,23822.096210932,79.3980487804878,60.2,7.219
Switzerland,CHE,2001,39638.7911061864,80.1804878048781,55.1,2.49
China,CHN,2001,1065.40597574519,72.675,2.63965021485872,1.471
Cameroon,CMR,2001,715.470296470585,53.598,0.277051321848797,7.46
Colombia,COL,2001,2472.99084035833,71.185,2.85419997133433,15.04
Costa Rica,CRI,2001,3985.12984506207,77.609,9.55948213497093,6.051
Cuba,CUB,2001,2842.96704310394,76.429,1.07975172188907,4.1
Cyprus,CYP,2001,14821.44921875,78.185,18.8187590408455,4.043
Czechia,CZE,2001,6669.07494847497,75.1731707317073,14.6971721171129,8.128
Germany,DEU,2001,23878.3641471651,78.3292682926829,31.650939416316,7.773
Dominica,DMA,2001,5527.51527300496,71.862,13.2452280386761,10.96
Denmark,DNK,2001,30768.4775471112,76.7926829268293,42.9575247201878,4.164
Dominican Republic,DOM,2001,2935.89367312668,70.553,4.42939069666645,7.262
Algeria,DZA,2001,1896.30020878013,71.025,0.646114016703792,27.303
Ecuador,ECU,2001,1791.30359685037,72.571,2.67044367376705,4.252
"Egypt, Arab Rep.",EGY,2001,1295.1374184163,67.612,0.838945611477604,9.2
Spain,ESP,2001,15368.2337984435,79.3682926829268,18.1487226902932,10.348
Estonia,EST,2001,4502.66614992392,70.2585365853659,31.5274897673756,13.134
Finland,FIN,2001,24965.202996776,77.9658536585366,43.1053633522263,10.29
France,FRA,2001,22331.7948343036,79.1585365853659,26.3259035521688,8.61
Faroe Islands,FRO,2001,24879.7729617864,78.6017292682927,43.2469835228993,4.0
United Kingdom,GBR,2001,28013.8729635508,77.9926829268293,33.4810948744147,4.696
Georgia,GEO,2001,801.98383707929,70.371,0.992344436138154,11.159
Greece,GRC,2001,12156.9572824221,78.3878048780488,10.9350258080278,10.764
Greenland,GRL,2001,19265.5191468738,65.0058536585366,35.4641368915684,9.535
"Hong Kong SAR, China",HKG,2001,25230.3780910304,81.4192682926829,38.6714032309569,5.09
Honduras,HND,2001,1132.1648753329,68.491,1.41528193123711,4.0
Croatia,HRV,2001,5364.83824691607,74.5129268292683,11.5585731811648,15.822
Hungary,HUN,2001,5280.94887987063,72.2487804878049,14.5285543028277,5.671
Indonesia,IDN,2001,732.307093405708,66.583,2.01861385948459,6.082
Ireland,IRL,2001,28282.409882073,77.1341463414634,23.1388121904053,3.684
Iceland,ISL,2001,29208.1981853568,80.690243902439,49.3929953676426,1.874
Israel,ISR,2001,20966.3052667971,79.4073170731707,17.3786238639049,9.364
Italy,ITA,2001,20570.4385917862,80.1268292682927,27.2221169788811,9.599
Jamaica,JAM,2001,3503.55026688858,71.287,3.8630203874764,14.989
Jordan,JOR,2001,1632.29454010563,72.141,4.70571958094159,14.7
Japan,JPN,2001,34406.1824638092,81.4163414634146,38.5320608612719,5.02
Kazakhstan,KAZ,2001,1422.27331810957,64.108,1.00612421099739,10.433
Kyrgyz Republic,KGZ,2001,308.41129550148,68.7073170731707,3.00294132719239,7.844
Cambodia,KHM,2001,327.500984314444,60.457,0.0769560555527296,2.055
St. Kitts and Nevis,KNA,2001,10022.5919235637,69.767,7.71472655580319,5.122
"Korea, Rep.",KOR,2001,11981.4828218758,76.4121951219512,56.6,3.699
Kuwait,KWT,2001,17374.2318664227,76.3843414634146,8.55179243431475,0.8
Liechtenstein,LIE,2001,75067.8001680043,79.2756097560976,45.1168526483592,1.123
Sri Lanka,LKA,2001,803.544026627385,71.804,0.793821864362622,7.924
Lithuania,LTU,2001,3532.52787363242,71.6585365853659,7.17935699381369,16.84
Luxembourg,LUX,2001,48440.1420151355,77.8243902439025,36.163422506306,1.805
Latvia,LVA,2001,3504.61829462397,70.7609756097561,7.21934580836289,13.821
"Macao SAR, China",MAC,2001,15810.7227666562,80.5878048780488,22.5212167700561,6.463
Morocco,MAR,2001,1506.24523925781,67.2,1.37143810096418,12.464
Moldova,MDA,2001,507.404076252819,67.672,1.48781295215565,7.366
Madagascar,MDG,2001,319.283278235657,58.674,0.222511586178292,5.348
Mexico,MEX,2001,7952.76479510706,72.912,7.0380231165045,2.757
North Macedonia,MKD,2001,1823.02267682636,73.4365853658537,3.46818460849398,30.515
Malta,MLT,2001,10357.7025891731,78.8439024390244,17.8778483243348,7.107
Mongolia,MNG,2001,524.453483552485,63.3917073170732,1.65323823906982,4.623
Mauritius,MUS,2001,3908.55694927435,71.7658536585366,8.78090401892036,9.14
Malaysia,MYS,2001,3943.79943910239,73.08,26.6959725007084,3.53
Namibia,NAM,2001,1915.58926594875,51.98,2.41697944170998,31.21
Niger,NER,2001,205.417936120931,49.872,0.10518543139701,1.467
Nicaragua,NIC,2001,1051.874235891,67.028,1.44879942820716,4.12
Netherlands,NLD,2001,26955.7128032278,78.190243902439,49.3730621073123,2.119
Norway,NOR,2001,38601.897639231,78.7853658536585,64.0,3.738
New Zealand,NZL,2001,13882.8568268586,78.6926829268293,53.2410152941279,5.448
Pakistan,PAK,2001,609.939506905073,62.241,1.31855077925626,6.882
Panama,PAN,2001,3991.77672094655,73.82,7.26839987788729,14.708
Peru,PER,2001,1929.57273038846,70.315,7.57876295717419,4.848
Philippines,PHL,2001,969.530611744453,67.829,2.52400566008269,3.698
Poland,POL,2001,5015.23790036613,74.2,9.9006697073534,18.435
Puerto Rico (US),PRI,2001,18123.1987019918,75.972,15.6300309162012,11.475
Portugal,PRT,2001,11734.7649743954,76.8146341463415,18.0871365595338,3.829
Paraguay,PRY,2001,1637.68615122932,70.281,1.09879383569333,6.206
West Bank and Gaza,PSE,2001,1335.55319529359,69.75,1.83685483917877,21.493
Romania,ROU,2001,1825.19299373184,71.1609756097561,4.53866902895312,6.561
Russian Federation,RUS,2001,2100.3525390625,65.3834146341463,2.94436778664985,9.052
Saudi Arabia,SAU,2001,10805.311325122,72.951,4.6810531658103,4.618
Singapore,SGP,2001,21699.7414868907,78.2512195121951,41.6704251756041,3.76
El Salvador,SLV,2001,2058.04459070452,67.965,1.5,6.96
San Marino,SMR,2001,39035.1034290445,80.803,50.3416690898517,2.619
Sao Tome and Principe,STP,2001,518.88050130005,61.5,6.31091788794615,15.734
Slovak Republic,SVK,2001,5712.47802761654,73.4024390243903,12.5283218484637,19.148
Slovenia,SVN,2001,10375.6255869861,75.7585365853659,30.1759104700854,5.682
Sweden,SWE,2001,27259.3174300217,79.7951219512195,51.7656649372808,4.73
Syrian Arab Republic,SYR,2001,1186.82913474027,71.296,0.353759130007247,11.626
Thailand,THA,2001,1889.93432467144,71.52,5.55632612097332,2.599
Tajikistan,TJK,2001,168.676285365186,64.197,0.0512591325352927,2.3
Tunisia,TUN,2001,2235.71981624751,72.822,4.29796603474685,14.402
Turkiye,TUR,2001,3052.2256706793,72.271,5.18948146078506,8.373
Tanzania,TZA,2001,396.638732910156,54.124,0.171300350668948,2.994
Ukraine,UKR,2001,800.49072265625,67.675,1.23875954748114,10.947
Uruguay,URY,2001,6382.76104740859,74.987,11.1214376832783,15.052
United States,USA,2001,37133.623113437,76.8365853658537,49.0808315896951,4.731
Uzbekistan,UZB,2001,454.415812256778,65.853,0.597567993875805,0.4
St. Vincent and the Grenadines,VCT,2001,4071.08601098962,70.382,5.09480977832946,21.147
"Venezuela, RB",VEN,2001,4920.39313600453,71.019,4.63600094778677,8.83
Viet Nam,VNM,2001,419.205677580901,72.984,1.26565123612317,2.761
Samoa,WSM,2001,1453.87021324606,71.028,1.68990283058724,4.96
South Africa,ZAF,2001,2847.15191945908,57.161,6.34661931839768,30.688
Albania,ALB,2002,1479.83884572006,75.299,0.39008127343332,4.615
Argentina,ARG,2002,2569.69963519124,74.312,10.8821243775325,19.59
Armenia,ARM,2002,742.651118319819,72.8268292682927,1.9604050458212,10.781
Austria,AUT,2002,26334.862215032,78.6780487804878,36.56,4.852
Azerbaijan,AZE,2002,763.108895463487,66.769,4.99971367812957,10.037
Belgium,BEL,2002,25006.191397109,78.0756097560976,46.33,6.91
Benin,BEN,2002,546.463829658159,56.851,0.7029455951039,0.685
Bulgaria,BGR,2002,2092.98288625558,71.8658536585366,9.08,18.11
"Bahamas, The",BHS,2002,26781.6195938652,73.023,18.0,9.096
Belarus,BLR,2002,1479.38066337175,68.0560975609756,8.95097131467325,3.0
Belize,BLZ,2002,4858.86062599362,69.528,5.68425121358763,10.038
Bolivia,BOL,2002,888.221328974352,63.068,3.11719294696997,5.476
Brazil,BRA,2002,2855.94017137049,70.396,9.14942508560748,10.641
Barbados,BRB,2002,11760.4524736133,74.82,27.836322424146,10.32
Canada,CAN,2002,24256.0192337185,79.5307317073171,61.5932992681952,7.665
Switzerland,CHE,2002,42458.7384679187,80.3853658536585,61.4,2.924
China,CHN,2002,1163.55957673426,73.034,4.59570433077551,1.627
Colombia,COL,2002,2428.92969771584,71.537,4.6,14.481
Costa Rica,CRI,2002,4067.71851429092,77.939,19.8948511346293,6.396
Cuba,CUB,2002,3005.21104247868,76.766,3.77058503769014,3.3
Cyprus,CYP,2002,16093.2158203125,78.758,28.32,3.336
Czechia,CZE,2002,8101.26018588111,75.2219512195122,23.93,7.28
Germany,DEU,2002,25486.5942008748,78.2292682926829,48.82,8.482
Denmark,DNK,2002,33257.1622586509,76.8951219512195,64.25,4.274
Dominican Republic,DOM,2002,3065.60329524196,70.719,6.8237257325842,6.779
Algeria,DZA,2002,1937.46411413019,71.644,1.59164126035832,25.9
Ecuador,ECU,2002,2059.1585535974,73.164,4.26079691519764,7.168
"Egypt, Arab Rep.",EGY,2002,1116.82884626213,67.846,2.71999971465421,10.015
Spain,ESP,2002,17111.0685058941,79.5682926829268,20.39,11.146
Estonia,EST,2002,5343.18310760735,70.9048780487805,41.52,10.026
Finland,FIN,2002,26989.389260959,78.119512195122,62.43,10.423
France,FRA,2002,24144.5727019529,79.2609756097561,30.18,8.702
United Kingdom,GBR,2002,30158.7017807858,78.1439024390244,56.48,5.037
Georgia,GEO,2002,853.526171868939,70.438,1.58787562980332,12.594
Guinea,GIN,2002,495.916073559269,53.2,0.402022748744397,4.549
Greece,GRC,2002,13782.195640943,78.6414634146341,14.67,10.346
Greenland,GRL,2002,20657.9506323097,65.419512195122,44.154789028418,8.818
Guatemala,GTM,2002,1669.33517469705,67.835,3.39174627024502,2.254
Guam,GUM,2002,20909.9590302806,75.506,31.1922942556271,11.394
Guyana,GUY,2002,950.866932470993,64.183,1.5,11.814
"Hong Kong SAR, China",HKG,2002,24665.8362318216,81.4521951219512,43.0823830278909,7.28
Honduras,HND,2002,1132.49965345317,68.714,2.5974025974026,4.019
Croatia,HRV,2002,6219.58164143945,74.7173170731707,17.76,15.053
Hungary,HUN,2002,6658.04494326809,72.3487804878049,16.67,5.608
Indonesia,IDN,2002,881.002913569131,66.954,2.13413573295808,6.604
Ireland,IRL,2002,32705.4345565698,77.6341463414634,25.85,4.216
"Iran, Islamic Rep.",IRN,2002,1891.25756091033,71.112,4.62617511492205,12.8
Iceland,ISL,2002,32749.379004627,80.5024390243903,79.12,2.988
Israel,ISR,2002,19076.4584298321,79.4512195121951,17.7645990630493,10.302
Italy,ITA,2002,22451.3964379368,80.2292682926829,28.04,9.211
Jordan,JOR,2002,1706.26744384401,72.359,6.02553241191204,15.3
Japan,JPN,2002,32820.7936433254,81.6907317073171,46.5942011179917,5.386
Kazakhstan,KAZ,2002,1573.55219932325,64.441,1.67477099516366,9.334
Kyrgyz Republic,KGZ,2002,321.726775366804,68.1560975609756,2.99926518003089,12.549
"Korea, Rep.",KOR,2002,13642.9424537101,76.7658536585366,59.4,3.046
Kuwait,KWT,2002,18512.7523035862,76.5316341463415,10.2489679289296,1.1
St. Lucia,LCA,2002,5567.89428424719,71.707,14.6418357746777,20.39
Liechtenstein,LIE,2002,79795.1785891101,79.6365853658537,59.4707106749926,1.447
Lithuania,LTU,2002,4148.13091485015,71.7609756097561,17.69,13.008
Luxembourg,LUX,2002,53005.7339209179,77.9658536585366,39.84,2.621
Latvia,LVA,2002,4003.60935783538,70.9609756097561,21.94,13.829
"Macao SAR, China",MAC,2002,16814.9926424134,80.9463414634146,25.1718801643395,6.405
Morocco,MAR,2002,1596.02062988281,67.582,2.37325319241544,11.588
Moldova,MDA,2002,570.799866188293,67.793,3.78724279887342,6.845
Mexico,MEX,2002,7983.03398381759,73.106,11.9,3.003
North Macedonia,MKD,2002,1989.13537265159,73.0390243902439,17.33,31.944
Malta,MLT,2002,11251.2025296416,78.7390243902439,28.92,6.902
Mongolia,MNG,2002,570.249213248399,63.540243902439,2.0395726034818,6.2
Mauritius,MUS,2002,4073.06053055903,71.9658536585366,10.252624671916,8.205
Malaysia,MYS,2002,4184.03163773539,73.469,32.3382043389359,3.476
Netherlands,NLD,2002,29446.5330872868,78.2926829268293,61.29,2.554
Norway,NOR,2002,43170.557174499,78.9878048780488,72.84,4.022
New Zealand,NZL,2002,16874.1874918196,78.8463414634146,59.0807532812931,5.285
Pakistan,PAK,2002,599.937345723927,62.556,2.57742673683831,7.827
Panama,PAN,2002,4090.58616456082,74.195,8.51807781515595,14.108
Peru,PER,2002,2007.37019626753,70.815,8.96694917040028,4.84
Philippines,PHL,2002,1014.90879320106,67.886,4.33227574643007,10.724
Poland,POL,2002,5223.45178967082,74.4975609756098,21.15,20.211
Puerto Rico (US),PRI,2002,18731.4593897378,76.819,17.5476475654777,11.938
Portugal,PRT,2002,12936.6928204482,77.0658536585366,19.37,4.497
Paraguay,PRY,2002,1367.76506935997,70.539,1.79496959770244,9.393
West Bank and Gaza,PSE,2002,1156.21747345769,70.88,3.10009223512517,27.465
French Polynesia,PYF,2002,16004.0583292112,79.544,8.20021648571522,11.714
Romania,ROU,2002,2119.85509684554,71.009756097561,6.58,8.112
Russian Federation,RUS,2002,2377.52954101563,65.1287804878049,4.12827181796644,7.958
Rwanda,RWA,2002,234.043016755733,51.262,0.292784718792575,0.895
Saudi Arabia,SAU,2002,10586.0543471363,73.296,6.38470501955932,5.265
Senegal,SEN,2002,669.430447319209,58.912,1.00645453672323,5.654
Singapore,SGP,2002,22159.8373710639,78.5512195121951,47.0,5.65
El Salvador,SLV,2002,2115.41187355626,68.526,1.9,6.2
Sao Tome and Principe,STP,2002,568.10257252271,61.826,7.580665168911,17.625
Slovak Republic,SVK,2002,6554.62808369461,73.6048780487805,40.14,18.541
Slovenia,SVN,2002,11639.1297780477,76.0073170731707,27.8388854180687,5.922
Sweden,SWE,2002,29957.7776664916,79.8463414634146,70.57,4.965
Seychelles,SYC,2002,8864.16919495467,71.0878048780488,14.3041708309972,9.806
Syrian Arab Republic,SYR,2002,1183.2473451033,71.742,2.09310101861765,11.682
Tajikistan,TJK,2002,186.951638285222,64.898,0.0554628269910006,2.5
Trinidad and Tobago,TTO,2002,6762.93080808096,69.232,21.9986754804449,10.389
Tunisia,TUN,2002,2320.7723805785,73.07,5.25288729548421,14.547
Turkiye,TUR,2002,3591.08628982587,72.605,11.38,10.345
Tuvalu,TUV,2002,1750.25175052348,63.825,6.3,6.526
Tanzania,TZA,2002,402.649047851563,54.94,0.222484413923909,3.6
Uganda,UGA,2002,241.984688408335,51.443,0.384093504951945,3.5
Ukraine,UKR,2002,903.011901855469,67.699,1.87388511643427,9.629
Uruguay,URY,2002,4149.76140312687,74.979,11.4194701966853,16.648
United States,USA,2002,37997.7596573051,76.9365853658537,58.7854038836952,5.783
Uzbekistan,UZB,2002,381.409296889283,66.376,1.08193974248733,0.4
"Venezuela, RB",VEN,2002,3652.09896501865,72.823,4.91044632720325,16.171
Viet Nam,VNM,2002,445.132861817313,73.138,1.85499923592581,2.123
South Africa,ZAF,2002,2688.23676032806,55.58,6.71032243705404,33.291
Albania,ALB,2003,1908.69900687608,75.557,0.971900415195857,15.0
Argentina,ARG,2003,3320.47775133903,74.307,11.9136965509954,15.4
Austria,AUT,2003,32110.1159661425,78.6317073170732,42.7,4.779
Belgium,BEL,2003,30655.2092679024,78.1292682926829,49.97,7.68
Benin,BEN,2003,676.002878084282,57.092,0.951327114915695,3.633
Burkina Faso,BFA,2003,362.373899996953,51.959,0.373440303233526,2.777
Bangladesh,BGD,2003,426.74880754362,64.288,0.163877665498048,4.322
Bulgaria,BGR,2003,2719.49436859287,72.0658536585366,12.04,13.733
"Bahamas, The",BHS,2003,26429.1247787663,73.213,20.0,10.835
Brazil,BRA,2003,3090.6068907839,70.884,13.2075861035303,11.168
Barbados,BRB,2003,12075.9587020649,74.865,39.6896271159532,10.997
Bhutan,BTN,2003,1022.38240311018,64.662,2.43691239949767,1.8
Botswana,BWA,2003,4230.12326909926,52.851,3.3451901740614,23.8
Canada,CAN,2003,28301.8645937428,79.7151219512195,64.2,7.574
Switzerland,CHE,2003,49335.7456291067,80.5365853658537,65.1,4.117
Chile,CHL,2003,4773.40177520754,77.884,25.4737788864723,9.7
China,CHN,2003,1306.97245408557,73.385,6.2,1.568
Colombia,COL,2003,2311.94218760291,72.309,7.38892371052557,13.221
Costa Rica,CRI,2003,4173.14856415514,78.214,20.3336148143541,6.654
Cuba,CUB,2003,3202.78109865637,77.405,5.2412690536929,2.3
Cyprus,CYP,2003,20252.24609375,78.908,30.09,4.153
Czechia,CZE,2003,9852.45677945801,75.1707317073171,34.3,7.777
Germany,DEU,2003,30711.1022511331,78.3804878048781,55.9,9.779
Denmark,DNK,2003,40519.0974905924,77.1439024390244,76.26,5.398
Dominican Republic,DOM,2003,2383.26171780393,70.856,7.89839293716387,6.938
Algeria,DZA,2003,2283.77299346126,71.906,2.19535973086144,23.718
Ecuador,ECU,2003,2315.62215223014,73.632,4.46022834472698,5.662
Spain,ESP,2003,21522.0170990262,79.619512195122,39.93,11.283
Estonia,EST,2003,7205.40703313243,71.3170731707317,45.32,11.288
Finland,FIN,2003,32920.0857192568,78.3682926829268,69.22,10.469
Fiji,FJI,2003,2655.58079586044,65.653,6.72543473821551,8.222
France,FRA,2003,29479.5222101175,79.1146341463415,36.14,8.306
Faroe Islands,FRO,2003,31269.6031997217,78.9848073170732,58.9126409695337,3.846
United Kingdom,GBR,2003,34556.7726095905,78.4463414634146,64.82,4.807
Georgia,GEO,2003,1010.03151630868,71.377,2.55881648068489,11.51
Greece,GRC,2003,18020.612039764,78.8414634146341,17.8,9.839
Greenland,GRL,2003,27466.6494525504,66.1229268292683,54.5342598293605,10.299
Guatemala,GTM,2003,1722.54701910774,68.204,4.54885490848324,2.807
"Hong Kong SAR, China",HKG,2003,23977.1734120477,81.3434146341464,52.2000433497404,7.86
Honduras,HND,2003,1156.08162681357,68.874,4.8,5.302
Croatia,HRV,2003,8190.11135193887,74.6139024390244,22.75,13.924
Haiti,HTI,2003,578.995291079709,59.44,1.64735834557778,25.438
Hungary,HUN,2003,8410.09248198479,72.3,21.63,5.79
Indonesia,IDN,2003,1043.2105838671,67.134,2.38701977959476,6.657
Ireland,IRL,2003,41203.5295847568,78.1390243902439,34.31,4.478
Iceland,ISL,2003,39944.2104095591,80.9634146341464,83.14,3.997
Israel,ISR,2003,19643.4690380742,79.6487804878049,19.5933936579649,10.72
Italy,ITA,2003,27577.5700319855,79.9829268292683,29.04,8.869
Jamaica,JAM,2003,3549.70758394618,71.585,7.8,11.736
Jordan,JOR,2003,1775.67625581432,72.585,8.46600501623938,14.5
Japan,JPN,2003,35387.0374203599,81.76,48.4352658899653,5.251
Kazakhstan,KAZ,2003,1958.02050246511,64.753,2.00041475265872,8.777
Cambodia,KHM,2003,386.691123931778,62.345,0.260570197574002,0.909
"Korea, Rep.",KOR,2003,15211.5483770422,77.2146341463415,65.5,3.348
Kuwait,KWT,2003,22690.655175144,76.6445609756098,22.4029383804612,5.752
Lao PDR,LAO,2003,355.097216151461,59.643,0.333912466428616,1.683
St. Lucia,LCA,2003,6058.60622059326,72.188,20.9824734633424,22.182
Liechtenstein,LIE,2003,90108.3673647008,79.9609756097561,58.8096918372148,2.109
Sri Lanka,LKA,2003,946.382255128072,72.442,1.45858022842408,8.221
Lithuania,LTU,2003,5507.47434187652,72.0609756097561,25.91,12.874
Luxembourg,LUX,2003,65689.3214536911,77.7268292682927,54.55,3.675
Latvia,LVA,2003,4914.57992829302,71.2658536585366,26.98,12.061
"Macao SAR, China",MAC,2003,18589.8998330534,81.0439024390244,25.7421239826498,6.134
Morocco,MAR,2003,1941.87255859375,67.958,3.35336668122363,11.916
Moldova,MDA,2003,682.319095965299,67.9,7.40754458415897,6.378
Madagascar,MDG,2003,352.620095849925,59.693,0.423252419277809,5.007
Mexico,MEX,2003,7434.0746485155,73.308,12.9,3.455
North Macedonia,MKD,2003,2445.36286400013,73.2414634146342,19.07,36.687
Malta,MLT,2003,13593.9787155682,78.5463414634146,31.64,7.488
Mauritius,MUS,2003,4858.26575549747,72.1170731707317,12.1871062041308,5.904
Malaysia,MYS,2003,4465.32194567208,73.727,34.9711523397291,3.612
Nicaragua,NIC,2003,1021.35216668794,68.749,1.88041253242301,7.595
Netherlands,NLD,2003,35896.7504630706,78.4926829268293,64.35,3.593
Norway,NOR,2003,50250.3298214345,79.390243902439,78.13,4.221
Nepal,NPL,2003,246.429706587633,64.229,0.382810917017044,1.482
New Zealand,NZL,2003,21913.7081719961,79.1463414634146,60.9625398663824,4.751
Pakistan,PAK,2003,672.44178669894,62.834,5.04115812592502,7.489
Panama,PAN,2003,4264.66428949623,74.567,9.98742407723405,13.619
Peru,PER,2003,2129.44114197634,71.278,11.6,4.151
Philippines,PHL,2003,1027.2301192843,68.049,4.85767226708512,3.527
Poland,POL,2003,5720.81366178104,74.5975609756098,24.87,19.899
Puerto Rico (US),PRI,2003,19557.1202492358,76.941,19.7070256578252,11.782
Portugal,PRT,2003,15797.7821340276,77.219512195122,29.67,6.132
Paraguay,PRY,2003,1443.99885236205,70.795,2.11194208210034,6.814
West Bank and Gaza,PSE,2003,1257.69857009689,70.967,4.13061635632919,23.004
Romania,ROU,2003,2679.40626016154,71.309756097561,8.9,6.95
Russian Federation,RUS,2003,2975.123046875,65.0275609756098,8.29886061553908,8.302
Saudi Arabia,SAU,2003,11487.220410693,73.657,8.00158289090878,5.563
Singapore,SGP,2003,23730.3840054566,79.0390243902439,53.8379432881911,5.93
Sierra Leone,SLE,2003,413.817607346927,46.784,0.190173281668183,4.295
El Salvador,SLV,2003,2207.83089518069,68.792,2.5,6.9
Sao Tome and Principe,STP,2003,663.696211810494,62.158,10.1618443069961,16.361
Slovak Republic,SVK,2003,8675.39633696465,73.6048780487805,43.04,17.549
Slovenia,SVN,2003,14711.674874253,76.8585365853659,31.8547930120441,6.479
Sweden,SWE,2003,37292.2419727801,80.0951219512195,79.13,5.555
Syrian Arab Republic,SYR,2003,1220.179077256,72.188,3.39797261356623,10.279
Thailand,THA,2003,2347.54001286066,72.101,9.29902723805965,1.54
Tajikistan,TJK,2003,233.58124845289,65.874,0.0645837771508553,3.85
Tonga,TON,2003,1936.04104012389,70.228,2.98581736750435,5.182
Tunisia,TUN,2003,2725.8643148859,73.304,6.49084579532797,14.514
Turkiye,TUR,2003,4649.63668068586,72.906,12.33,10.546
Uganda,UGA,2003,250.71543664681,52.414,0.464849840113968,3.602
Ukraine,UKR,2003,1076.48156738281,67.638,3.14812758815439,9.057
Uruguay,URY,2003,3671.12329256883,75.086,15.9371367159756,16.661
United States,USA,2003,39490.2749557007,77.0365853658537,61.6971171244207,5.989
Uzbekistan,UZB,2003,394.164028897235,66.852,1.91259517784997,0.002
"Venezuela, RB",VEN,2003,3229.50557082079,72.056,7.49996346522407,16.779
Viet Nam,VNM,2003,497.117089249256,73.236,3.78028081370641,2.253
South Africa,ZAF,2003,4062.21755993786,54.245,7.00769172611251,32.31
Angola,AGO,2004,1451.47117872493,51.123,0.464814617985909,23.643
Albania,ALB,2004,2446.90949947798,75.951,2.42038779776014,14.43
Argentina,ARG,2004,4242.02099089422,74.871,16.0366841054923,13.522
Austria,AUT,2004,36614.2506533707,79.1804878048781,54.28,5.969
Belgium,BEL,2004,35429.4077933344,78.8780487804878,53.86,7.363
Bulgaria,BGR,2004,3389.68743360274,72.5634146341463,18.13,12.037
Bahrain,BHR,2004,15963.9493171617,75.787,21.4586805077435,9.265
"Bahamas, The",BHS,2004,26650.2934234303,73.235,22.0,10.203
Bolivia,BOL,2004,953.191893246277,63.819,4.43992460120042,4.167
Brazil,BRA,2004,3663.82262497811,71.361,19.073672274442,10.072
Bhutan,BTN,2004,1130.35934606796,65.29,3.15698419613711,2.5
Canada,CAN,2004,32145.5412620217,79.9921951219512,65.9559634648989,7.185
Switzerland,CHE,2004,54659.4571488233,81.0878048780488,67.8,4.316
China,CHN,2004,1530.92726215723,73.727,7.3,1.363
Colombia,COL,2004,2818.57195413044,72.76,9.1186903029666,13.717
Comoros,COM,2004,1072.28409029621,60.557,1.32732717785355,4.571
Costa Rica,CRI,2004,4431.0117207843,78.512,20.7923067055542,6.445
Cuba,CUB,2004,3399.21962893402,77.326,8.40798475900703,1.854
Cyprus,CYP,2004,23792.619140625,79.007,33.83,4.77
Czechia,CZE,2004,11782.5546676117,75.7219512195122,35.5,8.298
Germany,DEU,2004,34566.7359143735,78.6804878048781,64.73,10.727
Denmark,DNK,2004,46625.050098011,77.4926829268293,80.93,5.204
Dominican Republic,DOM,2004,2451.69161616569,70.73,8.8655534607044,6.303
Algeria,DZA,2004,2816.99384960555,72.536,4.63447508776537,17.651
Ecuador,ECU,2004,2586.20914663347,73.868,4.83444263759525,5.002
Spain,ESP,2004,24925.0267844576,79.8707317073171,44.01,11.09
Estonia,EST,2004,8916.0728274602,71.909756097561,53.2,10.248
Finland,FIN,2004,37768.1334202029,78.7146341463415,72.39,10.358
Fiji,FJI,2004,3097.19096651759,65.841,7.4129434854202,4.7
France,FRA,2004,33644.9282220364,80.1634146341463,39.15,8.914
Faroe Islands,FRO,2004,35647.5440400531,79.2049804878049,66.5335994677312,3.704
United Kingdom,GBR,2004,40504.4118103928,78.7463414634146,65.61,4.594
Georgia,GEO,2004,1305.04748557208,71.011,3.88622135350273,12.621
Greece,GRC,2004,21449.2552764245,79.0390243902439,21.42,10.628
Greenland,GRL,2004,32030.9987915109,66.8080487804878,56.0990147610533,10.444
Guatemala,GTM,2004,1840.91184884,68.245,5.1,2.971
Guam,GUM,2004,23618.8266894573,76.114,36.1617878387908,7.659
"Hong Kong SAR, China",HKG,2004,24928.1003722551,81.7992682926829,56.3998803935333,6.74
Honduras,HND,2004,1215.13995412761,69.05,5.6,5.986
Croatia,HRV,2004,9718.97322801967,75.520243902439,30.91,13.664
Hungary,HUN,2004,10291.2694721409,72.6487804878049,27.74,5.832
Indonesia,IDN,2004,1126.84004447173,65.521,2.60028587633414,7.303
Ireland,IRL,2004,47754.2023194244,78.5390243902439,36.99,4.491
"Iran, Islamic Rep.",IRN,2004,2672.4226651404,72.04,7.49,10.3
Iceland,ISL,2004,47809.6073050042,80.9975609756098,83.88,4.031
Israel,ISR,2004,20568.0694088834,80.1463414634146,22.7704855254035,10.369
Italy,ITA,2004,31348.1901841445,80.7804878048781,33.24,7.866
Jamaica,JAM,2004,3807.56293124552,71.542,10.0,11.442
Japan,JPN,2004,38298.9801712303,82.030243902439,62.3939296327259,4.734
Kazakhstan,KAZ,2004,2722.47407755402,65.04,2.6503946570164,8.402
Kyrgyz Republic,KGZ,2004,433.233873286,68.1536585365854,5.09038530732863,8.53
Cambodia,KHM,2004,444.199067529081,63.256,0.300436644360101,7.533
"Korea, Rep.",KOR,2004,17121.6301633201,77.6658536585366,72.7,3.42
Kuwait,KWT,2004,27552.2827399787,76.7276829268293,22.9271120360078,1.7
Lebanon,LBN,2004,4600.68371412993,75.693,9.0,7.853
St. Lucia,LCA,2004,6494.60034867886,72.453,21.395212362765,20.976
Liechtenstein,LIE,2004,100280.831356705,81.7707317073171,64.0074481394199,2.399
Sri Lanka,LKA,2004,1028.62068132555,68.022,1.44615998041486,8.383
Lithuania,LTU,2004,6734.57487061946,71.9609756097561,31.23,10.684
Luxembourg,LUX,2004,76544.9170868473,79.1219512195122,65.88,5.113
Latvia,LVA,2004,6109.73265186817,72.0268292682927,38.58,11.708
"Macao SAR, China",MAC,2004,23407.1993692194,80.9926829268293,31.4840973824121,4.891
Morocco,MAR,2004,2183.55541992188,68.272,11.6079347729582,10.827
Moldova,MDA,2004,897.178494749468,68.017,10.629390841654,6.374
Mexico,MEX,2004,7849.66759649565,73.432,14.1,3.937
North Macedonia,MKD,2004,2818.5814561242,73.5975609756098,24.44,37.161
Mali,MLI,2004,495.006294680645,53.253,0.432819639900985,8.754
Malta,MLT,2004,15212.1313438497,79.2536585365854,34.62,7.317
Mauritius,MUS,2004,5460.60800184198,72.2658536585366,13.6890885885342,8.337
Malawi,MWI,2004,404.674248445428,51.073,0.347505334967577,4.457
Malaysia,MYS,2004,4939.24851854427,74.027,42.2522656295248,3.544
Namibia,NAM,2004,3403.15496192955,52.175,3.8047156152631,22.094
New Caledonia,NCL,2004,24475.6488547037,74.713,30.2980462088488,16.307
Nicaragua,NIC,2004,1098.62118662335,69.51,2.32066460863941,6.409
Netherlands,NLD,2004,40611.3414353091,79.0951219512195,68.52,4.646
Norway,NOR,2004,57768.6980958462,79.8414634146342,77.69,4.256
New Zealand,NZL,2004,25420.234882944,79.5487804878049,61.8476278106481,4.012
Pakistan,PAK,2004,771.902247348954,63.097,6.16432098534156,7.398
Panama,PAN,2004,4644.56581177581,74.845,11.1408625409415,12.441
Peru,PER,2004,2397.25147277714,71.447,14.1,4.707
Philippines,PHL,2004,1099.63013023758,68.301,5.2436284521711,3.554
Poland,POL,2004,6711.72715262967,74.8463414634146,32.53,18.822
Puerto Rico (US),PRI,2004,20988.9923326534,76.913,22.1307382347014,10.306
Portugal,PRT,2004,18064.1580932987,77.6707317073171,31.78,6.319
Paraguay,PRY,2004,1786.21533938543,71.054,3.45243843137079,6.513
West Bank and Gaza,PSE,2004,1422.19088643544,71.094,4.40090482603223,23.215
Qatar,QAT,2004,41035.5008380177,76.484,20.701647851169,1.48
Romania,ROU,2004,3494.99056448955,71.5609756097561,15.0,7.719
Russian Federation,RUS,2004,4102.36474609375,65.4709756097561,12.8593889008473,8.103
Saudi Arabia,SAU,2004,13154.4978989446,74.027,10.2345329969583,5.822
Singapore,SGP,2004,27608.080013423,79.490243902439,62.0,5.84
Sierra Leone,SLE,2004,417.749983329227,47.485,0.203007680592588,2.8
El Salvador,SLV,2004,2285.68907438892,69.295,3.2,6.8
San Marino,SMR,2004,58232.0176184948,81.592,50.5663430420712,2.819
Serbia,SRB,2004,3597.08798057009,72.6829268292683,23.5,18.503
Sao Tome and Principe,STP,2004,726.560882130444,62.56,13.3228526892178,16.118
Suriname,SUR,2004,2887.7721728844,66.362,6.0760478144456,9.487
Slovak Republic,SVK,2004,10650.1290097126,73.9585365853659,52.89,18.206
Slovenia,SVN,2004,17103.8297783905,77.2073170731707,40.81,6.012
Sweden,SWE,2004,42758.0048564929,80.4975609756098,83.89,6.693
Thailand,THA,2004,2641.56268717857,72.1,10.6773033237281,1.512
Tajikistan,TJK,2004,305.745158587502,66.604,0.0774799071356825,7.398
Tunisia,TUN,2004,3067.41936376975,73.519,8.52881775162591,14.237
Turkiye,TUR,2004,5979.6054216148,73.223,14.58,10.831
Ukraine,UKR,2004,1401.01806640625,67.472,3.4894778812677,8.59
Uruguay,URY,2004,4168.66065438387,75.319,17.0630983403661,12.98
United States,USA,2004,41724.6316287624,77.4878048780488,64.7582564759896,5.529
Uzbekistan,UZB,2004,462.171492867885,67.203,2.59372542084924,0.005
Viet Nam,VNM,2004,565.452284586212,73.062,7.64240852842363,2.142
"Yemen, Rep.",YEM,2004,627.632023395762,64.881,0.881222988679516,16.233
South Africa,ZAF,2004,5221.46333731721,53.963,8.4251186825406,29.453
Zimbabwe,ZWE,2004,469.719298949304,46.043,2.1,4.394
Albania,ALB,2005,2741.72136549578,76.427,6.04389086404814,6.566
United Arab Emirates,ARE,2005,38719.3138307623,80.779,40.0,3.118
Argentina,ARG,2005,5067.65342293276,75.231,17.7205833696065,11.506
Australia,AUS,2005,34535.20727091,80.8414634146341,63.0,5.032
Austria,AUT,2005,38157.37022862,79.3317073170732,58.0,5.682
Azerbaijan,AZE,2005,1578.36733030667,67.71,8.030400276,7.255
Belgium,BEL,2005,36809.7013403619,78.9804878048781,55.81999969,8.44
Burkina Faso,BFA,2005,441.164148016012,53.271,0.469900012,4.0
Bangladesh,BGD,2005,480.08585075452,65.509,0.241600007,4.254
Bulgaria,BGR,2005,3899.82596332878,72.5609756097561,19.97,10.083
Bahrain,BHR,2005,17966.1657837625,76.125,21.30369949,0.0
"Bahamas, The",BHS,2005,28602.4181869995,73.413,25.0,10.17
Belize,BLZ,2005,5270.41479135312,70.335,17.0,10.907
Bolivia,BOL,2005,1020.12326200737,64.182,5.22758395663196,5.446
Brazil,BRA,2005,4827.78165890291,71.832,21.022747248827,10.551
Bhutan,BTN,2005,1299.94938578359,65.875,3.847100019,3.1
Canada,CAN,2005,36383.6600068095,80.1126829268293,71.66,6.758
Switzerland,CHE,2005,56242.8933645639,81.2365853658537,70.1,4.437
China,CHN,2005,1777.64496828464,74.085,8.52325700269541,1.935
Cameroon,CMR,2005,1142.62466252106,54.904,1.402699947,21.382
"Congo, Dem. Rep.",COD,2005,214.539740473519,54.001,0.238000005,2.948
"Congo, Rep.",COG,2005,1799.05158366154,58.73,1.463400006,19.796
Colombia,COL,2005,3456.06610874512,73.156,11.0072638904585,11.062
Costa Rica,CRI,2005,4703.00721784778,78.877,22.07,6.749
Cuba,CUB,2005,3786.33799225291,77.54,9.73806220781346,1.95
Cyprus,CYP,2005,24959.26171875,79.198,32.81,5.481
Czechia,CZE,2005,13442.4916284309,75.9243902439025,35.27,7.927
Germany,DEU,2005,35084.4363546269,78.9317073170732,68.71,11.193
Denmark,DNK,2005,48925.8076698784,77.8439024390244,82.74,4.83
Dominican Republic,DOM,2005,3878.31206735244,71.043,11.4831977789344,6.587
Algeria,DZA,2005,3233.13339634212,72.836,5.843900204,15.271
East Asia & Pacific (excluding high income),EAP,2005,1653.67913605181,72.3983266445825,8.3,2.66784759284549
East Asia & Pacific,EAS,2005,4910.91472643792,73.2984345512681,14.7,2.84927194424682
Europe & Central Asia (excluding high income),ECA,2005,3576.72283332318,69.9595147646973,8.9,8.00279723457838
Europe & Central Asia,ECS,2005,19227.6221679028,74.1536447949151,34.7,8.38031018987542
Ecuador,ECU,2005,2909.02606014388,73.909,5.994299889,3.779
"Egypt, Arab Rep.",EGY,2005,1105.53920713903,68.355,12.75,11.243
Spain,ESP,2005,26450.9530130382,80.1707317073171,47.88,9.146
Estonia,EST,2005,10414.6381183565,72.5682926829268,61.45,8.033
Ethiopia,ETH,2005,158.243458082465,54.364,0.219659818999505,2.497
Finland,FIN,2005,39049.8703780223,78.8170731707317,74.48,9.602
Fiji,FJI,2005,3377.69126953493,65.983,8.45363663371359,3.886
France,FRA,2005,34696.3718316971,80.1634146341463,42.87,8.882
Faroe Islands,FRO,2005,36389.081644098,79.4453463414634,67.9026317413939,3.461
Gabon,GAB,2005,6547.87613955186,62.978,4.89326474972412,16.976
United Kingdom,GBR,2005,42240.2462987547,79.0487804878049,70.0,4.884
Georgia,GEO,2005,1642.78359414797,70.689,6.079500198,13.805
Greece,GRC,2005,22054.1315756886,79.2390243902439,24.0,10.074
Greenland,GRL,2005,32489.7277309899,67.3051219512195,57.7034045008656,9.251
Guam,GUM,2005,25631.9776108052,76.427,38.559877557558,7.017
High income,HIC,2005,30051.3459550589,77.1096843955119,52.9,6.75274127299068
"Hong Kong SAR, China",HKG,2005,26649.637724155,81.6090243902439,56.9,5.58
Honduras,HND,2005,1304.70039153826,69.198,6.5,4.909
Croatia,HRV,2005,10443.5278353294,75.2446341463415,33.13999939,12.598
Hungary,HUN,2005,11212.2046968994,72.6487804878049,38.97,7.189
IBRD only,IBD,2005,2300.5592081511,69.8265165341661,8.7,4.87579683048527
IDA & IBRD total,IBT,2005,1919.70312051472,67.2247481957542,7.2,4.94917062866641
Indonesia,IDN,2005,1238.21447629488,67.531,3.60202476259646,7.945
India,IND,2005,710.488080408949,64.939,2.388099909,3.804
Ireland,IRL,2005,50933.0216095589,78.9439024390244,41.61,4.237
"Iran, Islamic Rep.",IRN,2005,3132.0508192007,72.446,8.100000381,11.813
Iceland,ISL,2005,57783.7745608117,81.5024390243902,87.0,2.547
Israel,ISR,2005,21286.8388636595,80.1512195121951,25.19400024,8.993
Italy,ITA,2005,32062.723833669,80.7829268292683,35.0,7.73
Jordan,JOR,2005,2087.87079273635,72.977,12.93290043,14.8
Japan,JPN,2005,37812.8950199948,81.9551219512195,66.9210661042901,4.446
Kazakhstan,KAZ,2005,3577.35804001782,65.356,2.961699963,8.11
Kenya,KEN,2005,523.456312433863,58.51,3.101900101,9.957
Kyrgyz Republic,KGZ,2005,476.548193640077,67.9560975609756,10.53380013,8.109
Kiribati,KIR,2005,1161.78341739977,65.517,4.0,14.649
"Korea, Rep.",KOR,2005,20167.0474902506,78.1682926829268,73.5,3.482
Kuwait,KWT,2005,36122.6142741227,76.8007804878049,25.92609978,1.951
Latin America & Caribbean (excluding high income),LAC,2005,4960.44969790137,72.2293807081161,16.2,8.11228168906359
Lao PDR,LAO,2005,466.061506997741,60.688,0.850399971,1.351
St. Lucia,LCA,2005,6863.43641919345,72.544,21.5675829464215,18.7
Latin America & Caribbean,LCN,2005,5229.89898425288,72.5638143751286,16.6,8.28985849627169
Liechtenstein,LIE,2005,105295.057027611,80.6682926829268,63.37139893,2.662
Sri Lanka,LKA,2005,1207.21994764165,73.073,1.792000055,7.672
Lower middle income,LMC,2005,817.846092888275,63.674503524779,3.6,4.97239089010185
Lithuania,LTU,2005,7857.03148786492,71.2536585365854,36.22,8.325
Luxembourg,LUX,2005,80988.1376230858,79.4317073170732,70.0,4.488
Latvia,LVA,2005,7283.78738127622,71.3560975609756,46.0,10.033
"Macao SAR, China",MAC,2005,25681.2167315221,81.3414634146341,34.86289978,4.16
Morocco,MAR,2005,2242.98828125,68.748,15.0844445240204,11.009
Moldova,MDA,2005,1034.39197746993,68.197,14.6302704551796,5.633
Madagascar,MDG,2005,305.812074924388,60.664,0.567700028,2.3
"Middle East, North Africa, Afghanistan & Pakistan",MEA,2005,3050.86086272731,67.529947021124,8.3,9.84310465304458
Mexico,MEX,2005,8671.75891885163,73.627,17.20999908,3.558
Marshall Islands,MHL,2005,2658.65217893885,64.112,3.8787023977433,25.369
North Macedonia,MKD,2005,3120.98401394233,73.6975609756098,26.45000076,37.32
Malta,MLT,2005,15831.344048672,79.3,41.24,6.923
"Middle East, North Africa, Afghanistan & Pakistan (excluding high income)",MNA,2005,1657.11024431574,66.853402612801,7.5,10.3078975055578
Montenegro,MNE,2005,3674.6179242797,73.9829268292683,27.10000038,30.305
Mongolia,MNG,2005,994.90010913241,65.2807317073171,9.0,3.29
Mauritius,MUS,2005,5354.02974260642,72.4321951219512,15.1722002,9.524
Malawi,MWI,2005,414.361121984475,52.469,0.384499997,0.942
Malaysia,MYS,2005,5555.58179951206,74.37,48.6291702459839,3.535
North America,NAC,2005,43368.5783940626,77.7462382909607,68.3,5.25750859640354
Niger,NER,2005,318.643121918273,53.32,0.221300006,3.1
Nicaragua,NIC,2005,1183.30214010175,70.374,2.566400051,5.372
Netherlands,NLD,2005,42165.396168388,79.3463414634146,81.0,5.872
Norway,NOR,2005,67047.1704558264,80.0414634146342,81.99,4.381
New Zealand,NZL,2005,27751.0654708859,79.8512195121951,62.72019958,3.813
Pakistan,PAK,2005,827.619861189926,62.416,6.332300186,7.047
Panama,PAN,2005,5017.74110414832,75.16,11.48400021,10.327
Peru,PER,2005,2706.66947297608,71.988,17.10000038,4.866
Philippines,PHL,2005,1220.46018559867,68.423,5.397600174,3.795
Poland,POL,2005,8043.92332253757,74.9951219512195,38.81,17.592
Puerto Rico (US),PRI,2005,21959.322696986,76.703,23.4000504486583,11.348
Portugal,PRT,2005,18780.12751241,78.0707317073171,34.99,7.582
Paraguay,PRY,2005,1970.87169852378,71.317,7.90700786141285,4.825
West Bank and Gaza,PSE,2005,1543.70141392774,72.004,16.00499916,20.016
Romania,ROU,2005,4618.00350802913,71.9121951219512,21.5,7.174
Russian Federation,RUS,2005,5323.455078125,65.529756097561,15.22669983,7.166
South Asia,SAS,2005,686.338193475473,65.131596636791,2.1,3.91161482917701
Saudi Arabia,SAU,2005,15975.7473782258,74.4,12.7050359882849,6.051
Singapore,SGP,2005,29961.3172812732,79.990243902439,61.0,3.4
El Salvador,SLV,2005,2447.39140845394,69.336,4.199999809,6.961
Serbia,SRB,2005,3807.97417321786,72.8341463414634,26.29999924,20.846
Sao Tome and Principe,STP,2005,844.169181884274,62.434,13.75949955,16.471
Slovak Republic,SVK,2005,11641.5410321763,73.9048780487805,55.19,16.276
Slovenia,SVN,2005,17969.7095907161,77.6121951219512,46.81,6.506
Sweden,SWE,2005,43378.4077394363,80.5463414634146,84.83,7.81
Seychelles,SYC,2005,11802.1118276833,72.1317073170732,25.4132681462836,5.5
East Asia & Pacific (IDA & IBRD countries),TEA,2005,1673.19096529507,72.440234089532,8.4,2.66784759284549
Europe & Central Asia (IDA & IBRD countries),TEC,2005,4660.80836930066,69.1399718973032,14.6,8.5919800303382
Thailand,THA,2005,2867.70383436062,72.894,15.0260043588909,1.346
Tajikistan,TJK,2005,333.927150941684,66.531,0.298690023682825,1.964
Latin America & the Caribbean (IDA & IBRD countries),TLA,2005,5103.97068943224,72.4275917225936,16.7,8.40614226032056
"Middle East, North Africa, Afghanistan & Pakistan (IDA & IBRD)",TMN,2005,1657.84296915154,66.8201250398649,7.4,10.255774798439
South Asia (IDA & IBRD),TSA,2005,686.338193475473,65.131596636791,2.1,3.91161482917701
Trinidad and Tobago,TTO,2005,12346.4373094075,70.185,28.97669983,7.951
Tunisia,TUN,2005,3146.8260743927,73.712,9.655099869,12.872
Turkiye,TUR,2005,7331.85429430255,73.51,15.46,10.634
Uganda,UGA,2005,330.405402707025,54.926,1.742200017,1.9
Ukraine,UKR,2005,1875.33508300781,67.517,3.749799967,7.18
Upper middle income,UMC,2005,2788.28442311953,72.2940907050527,10.2,4.64204045861484
Uruguay,URY,2005,5284.25677987129,75.829,20.0881895579305,12.009
United States,USA,2005,44123.4070679055,77.4878048780488,67.9681015,5.084
Uzbekistan,UZB,2005,542.835808692209,67.481,3.34350988825952,0.3
"Venezuela, RB",VEN,2005,5432.4854184654,73.075,12.5529979098299,10.663
World,WLD,2005,7284.31331023762,69.1105811246199,15.6,5.19914136953664
"Yemen, Rep.",YEM,2005,734.159908450927,65.356,1.048599958,16.05
South Africa,ZAF,2005,5836.87663325127,53.914,7.48854252992921,29.122
Zambia,ZMB,2005,710.982068171696,51.615,1.299999952,15.9
Albania,ALB,2006,3057.77257038113,76.994,9.609999657,13.8
Argentina,ARG,2006,5869.38028970204,75.279,20.9272021035896,10.078
Australia,AUS,2006,36658.8243476122,81.0414634146342,66.0,4.782
Austria,AUT,2006,40382.2078298575,79.8804878048781,63.6,5.32
Azerbaijan,AZE,2006,2472.95725732287,68.489,11.9921999,6.615
Burundi,BDI,2006,161.892755640319,53.962,0.657599986,3.185
Belgium,BEL,2006,38705.1067959147,79.380487804878,61.9818700222023,8.246
Burkina Faso,BFA,2006,455.513655620024,53.784,0.632700026,2.353
Bangladesh,BGD,2006,490.388026533289,66.048,1.0,3.591
Bulgaria,BGR,2006,4523.1465578805,72.6121951219512,27.09,8.951
Bahrain,BHR,2006,19267.282615072,76.51,28.24399948,0.0
"Bahamas, The",BHS,2006,29184.7865087908,73.456,26.0,7.604
Bosnia and Herzegovina,BIH,2006,3166.12865344833,76.028,25.1223856852117,31.11
Belarus,BLR,2006,3848.22350300163,69.4048780487805,16.2,1.2
Belize,BLZ,2006,5524.78167834986,70.535,24.0,9.394
Bolivia,BOL,2006,1202.71150446327,64.529,6.20067125473576,5.08
Brazil,BRA,2006,5934.14561857454,72.296,28.17840004,9.692
Bhutan,BTN,2006,1405.6071618158,66.499,4.518300056,3.2
Botswana,BWA,2006,5291.58379144849,55.112,4.28993297515968,17.782
Canada,CAN,2006,40504.0370977806,80.5436585365854,72.40000153,6.484
Switzerland,CHE,2006,59011.0324592016,81.490243902439,75.7,3.995
Chile,CHL,2006,9318.65655296121,78.533,34.4977511736017,7.402
China,CHN,2006,2129.25696999613,74.404,10.5231526193851,1.752
Costa Rica,CRI,2006,5256.59640859159,79.049,25.10000038,5.926
Cuba,CUB,2006,4329.98265964383,77.406,11.1596013147617,1.913
Cayman Islands,CYM,2006,87085.0945866141,75.0,44.5,2.622
Cyprus,CYP,2006,26729.28125,79.456,35.83,4.593
Czechia,CZE,2006,15259.0788162004,76.5243902439024,47.93,7.141
Germany,DEU,2006,36980.3349948954,79.1317073170732,72.16,10.277
Denmark,DNK,2006,52119.1787984282,78.0951219512195,86.65,3.897
Dominican Republic,DOM,2006,4055.14270347371,71.054,14.8449283654589,5.654
Algeria,DZA,2006,3660.66104745322,73.116,7.37598495634886,12.274
East Asia & Pacific (excluding high income),EAP,2006,1976.63130651455,72.6518704363172,10.1,2.48013493673777
East Asia & Pacific,EAS,2006,5170.318905428,73.5640440034614,16.6,2.65851140793898
Europe & Central Asia (excluding high income),ECA,2006,4142.44695498675,70.2178659389806,11.6,8.63710967729608
Europe & Central Asia,ECS,2006,20766.9170925859,74.6397717965131,38.0,8.03838131374375
Ecuador,ECU,2006,3243.67010359339,74.01,7.199999809,3.55
"Egypt, Arab Rep.",EGY,2006,1298.97900203124,68.493,13.66,10.491
Spain,ESP,2006,28421.686527407,80.8219512195122,50.37,8.452
Estonia,EST,2006,12641.4800976473,72.6914634146341,63.51,5.915
Finland,FIN,2006,41214.0187765069,79.2146341463415,79.66,8.935
France,FRA,2006,36431.5658906555,80.8121951219512,46.87,8.832
Faroe Islands,FRO,2006,41743.6812847661,79.6898609756098,69.359445124439,1.802
United Kingdom,GBR,2006,44695.161023424,79.2487804878049,68.82,5.472
Georgia,GEO,2006,1996.02013272284,70.983,7.52687684487832,13.573
Ghana,GHA,2006,906.441027564887,59.975,2.72317597313987,4.897
Greece,GRC,2006,24416.0232970275,79.4390243902439,32.25,8.906
Greenland,GRL,2006,35457.6297578214,67.8180487804878,59.361687268664,8.398
Guatemala,GTM,2006,2225.1234753878,68.79,6.5,1.902
Guam,GUM,2006,25709.9351488422,76.477,43.8514430048178,7.133
Guyana,GUY,2006,3135.60553528326,64.848,8.899999619,10.7
High income,HIC,2006,31710.7967236991,77.5422883584084,55.7,6.31008186106492
"Hong Kong SAR, China",HKG,2006,28224.0951563146,82.3848780487805,60.8,4.77
Honduras,HND,2006,1425.84780051892,69.364,7.800000191,3.574
Croatia,HRV,2006,11501.2099669894,75.8368292682927,37.97999954,11.13
Hungary,HUN,2006,11478.4891640501,73.0975609756098,47.06,7.494
Indonesia,IDN,2006,1558.31562847163,67.664,4.76481313366657,7.551
Ireland,IRL,2006,54329.1618599624,79.2414634146342,54.82,4.355
"Iran, Islamic Rep.",IRN,2006,3618.91601364428,72.895,8.760000229,11.519
Iceland,ISL,2006,58172.1426656622,81.1585365853659,89.51,2.83
Israel,ISR,2006,22527.2619795719,80.5536585365854,27.8810997,8.404
Italy,ITA,2006,33537.1286994269,81.2829268292683,37.99,6.777
Jordan,JOR,2006,2342.63459574933,73.225,13.86709976,14.0
Japan,JPN,2006,35991.546002862,82.3219512195122,68.6852703213795,4.192
Kazakhstan,KAZ,2006,5030.13494711519,65.722,3.268399954,7.79
Kyrgyz Republic,KGZ,2006,543.113512472219,67.6951219512195,12.30690002,8.271
"Korea, Rep.",KOR,2006,22609.7059431449,78.6682926829268,78.1,3.254
Kuwait,KWT,2006,42946.6374104066,76.8876829268293,28.79120064,1.3
Latin America & Caribbean (excluding high income),LAC,2006,5717.84447760414,72.5238653235671,20.4,7.03529660325803
St. Lucia,LCA,2006,7611.17856675319,72.794,24.5,16.0
Latin America & Caribbean,LCN,2006,6047.73425729833,72.8332266680253,20.7,7.18615920565538
Liechtenstein,LIE,2006,114167.939211301,80.9487804878049,64.21420288,2.461
Sri Lanka,LKA,2006,1388.89739119932,72.825,2.53756612897332,6.476
Lithuania,LTU,2006,9210.10118229413,71.0560975609756,43.9,5.78
Luxembourg,LUX,2006,90788.8004876145,79.2878048780488,72.51,4.731
Latvia,LVA,2006,9211.7374468148,70.8658536585366,53.63,7.03
"Macao SAR, China",MAC,2006,29813.7877167933,81.7292682926829,46.4,3.775
Morocco,MAR,2006,2438.12646484375,69.157,19.7711915653115,9.668
Moldova,MDA,2006,1183.02481442894,68.423,19.6206477051634,4.26
"Middle East, North Africa, Afghanistan & Pakistan",MEA,2006,3482.47657906214,68.0590796974229,9.6,7.13062031397338
Mexico,MEX,2006,9512.63575346699,73.746,19.52000046,3.566
North Macedonia,MKD,2006,3440.4411057968,73.8951219512195,28.62,36.392
Mali,MLI,2006,586.985415515264,54.305,0.729600012,6.665
Malta,MLT,2006,16653.6036929688,79.4390243902439,40.41,6.798
"Middle East, North Africa, Afghanistan & Pakistan (excluding high income)",MNA,2006,1883.1206783718,67.3815240346302,8.4,7.25021328573985
Mongolia,MNG,2006,1329.89179579053,65.9021951219512,9.0,7.193
Mauritius,MUS,2006,5784.22491883026,72.4321951219512,16.7,9.04
North America,NAC,2006,45741.2633538401,77.9690402937581,69.3,4.81614136114576
Nicaragua,NIC,2006,1248.17371577788,70.958,2.8055730627337,5.313
Netherlands,NLD,2006,45123.5432406426,79.6975609756098,83.7,5.007
Norway,NOR,2006,74434.4996835671,80.3439024390244,82.55,3.397
New Zealand,NZL,2006,26654.5932018985,80.0487804878049,69.0,3.851
Pakistan,PAK,2006,900.873564984808,63.624,6.5,0.582
Panama,PAN,2006,5528.76705854901,75.429,17.34959984,9.111
Peru,PER,2006,3129.55996496982,72.337,20.70000076,4.172
Philippines,PHL,2006,1426.14649179546,68.172,5.74058632534702,4.052
Poland,POL,2006,9068.85528307627,75.1439024390244,44.58,13.794
Puerto Rico (US),PRI,2006,22935.9411586313,77.561,25.4424182102582,11.008
Portugal,PRT,2006,19839.4540499032,78.419512195122,38.01,7.649
Paraguay,PRY,2006,2439.43124694576,71.584,7.962100029,5.277
West Bank and Gaza,PSE,2006,1570.10439962728,71.831,18.41,19.014
Qatar,QAT,2006,62582.4453138755,77.323,28.97410011,0.872
Romania,ROU,2006,5757.53127301178,72.1634146341463,24.66,7.27
Russian Federation,RUS,2006,6920.19970703125,66.7275609756098,18.02330017,7.162
Saudi Arabia,SAU,2006,17563.6145370639,74.762,19.4595543513634,6.254
Senegal,SEN,2006,1017.20196747987,61.801,5.61173865217952,11.1
Singapore,SGP,2006,33768.4528234651,80.1414634146341,59.0,4.48
El Salvador,SLV,2006,2665.61807194853,69.612,5.5,6.505
San Marino,SMR,2006,63270.7780755157,82.258,50.2086593635889,1.63
Serbia,SRB,2006,4492.7136699046,73.3853658536585,27.2,20.851
Sao Tome and Principe,STP,2006,861.970707697664,63.041,14.18200016,16.65
Slovak Republic,SVK,2006,13167.8954730379,74.2048780487805,56.08,13.395
Slovenia,SVN,2006,19563.005059144,78.0865853658537,54.01,5.95
Sweden,SWE,2006,46531.3762240485,80.7487804878049,87.76,7.066
Syrian Arab Republic,SYR,2006,1718.78347217338,73.04,7.832600117,8.168
East Asia & Pacific (IDA & IBRD countries),TEA,2006,1999.86070779606,72.6983447331159,10.3,2.48013493673777
Europe & Central Asia (IDA & IBRD countries),TEC,2006,5632.99003233827,69.6987479861711,17.7,8.48103133726753
Togo,TGO,2006,552.50227125256,56.154,2.0,4.229
Thailand,THA,2006,3331.32043511773,73.341,17.1607147169285,1.22
Tajikistan,TJK,2006,401.018403316427,66.997,3.77240620666448,2.197
Latin America & the Caribbean (IDA & IBRD countries),TLA,2006,5926.88266865219,72.7029489273067,20.9,7.27793199780546
"Middle East, North Africa, Afghanistan & Pakistan (IDA & IBRD)",TMN,2006,1885.14870247669,67.3526959987589,8.3,7.18895200433386
Tonga,TON,2006,2750.34778600857,70.71,5.853899956,1.087
Trinidad and Tobago,TTO,2006,14152.6607422113,70.437,30.00370026,6.268
Tunisia,TUN,2006,3322.56933570096,73.888,12.98639965,12.51
Turkiye,TUR,2006,7990.08251407245,73.804,18.24,10.233
Tanzania,TZA,2006,475.746734619141,58.512,1.299999952,3.299
Upper middle income,UMC,2006,3262.39559875801,72.5738691375552,12.5,4.22887686615009
Uruguay,URY,2006,6001.33294783172,75.888,29.39999962,10.844
United States,USA,2006,46302.0008800056,77.6878048780488,68.93119812,4.623
Uzbekistan,UZB,2006,649.118167003925,67.905,6.38832196706805,0.2
"Venezuela, RB",VEN,2006,6739.38065342218,72.972,15.2247114771787,8.606
Vanuatu,VUT,2006,2034.79289624351,69.126,5.850599766,8.006
Samoa,WSM,2006,2663.29135939532,71.62,4.46917387320954,1.294
"Yemen, Rep.",YEM,2006,809.713127624703,65.8,1.24782404904485,15.701
South Africa,ZAF,2006,6077.38293388876,54.22,7.60713967477381,28.342
Aruba,ABW,2007,26736.3089444046,73.642,30.9,5.706
Albania,ALB,2007,3743.05529896187,77.691,15.03610039,15.966
Argentina,ARG,2007,7185.25155147027,74.783,25.9466329403819,8.469
Armenia,ARM,2007,2962.70234594569,72.8731707317073,6.021299839,28.373
Australia,AUS,2007,41128.2476618402,81.2926829268293,69.45,4.377
Austria,AUT,2007,46622.9622913635,80.1804878048781,69.37,4.909
Azerbaijan,AZE,2007,3851.33015175141,68.659,14.53999996,6.326
Belgium,BEL,2007,44319.165448813,79.7829268292683,66.7604202433135,7.459
Burkina Faso,BFA,2007,514.684451177238,54.377,0.75,3.3
Bulgaria,BGR,2007,5888.57081403932,72.6634146341463,33.64,6.878
Bahrain,BHR,2007,20908.4042548073,76.952,32.91,5.6
"Bahamas, The",BHS,2007,30051.8489587756,73.463,27.0,7.853
Bosnia and Herzegovina,BIH,2007,3931.48948737505,76.162,27.92,28.984
Belarus,BLR,2007,4735.48107556066,70.2073170731707,19.7,1.0
Belize,BLZ,2007,5762.21023302938,70.652,24.60000038,8.508
Bolivia,BOL,2007,1354.54905949929,64.939,10.49919987,5.175
Brazil,BRA,2007,7409.69003822861,72.73,30.87999916,9.28
Bhutan,BTN,2007,1850.41570433398,67.152,5.92,3.7
Canada,CAN,2007,44660.0838892281,80.5436585365854,73.2,6.156
Switzerland,CHE,2007,64989.1553256031,81.7414634146342,77.2,3.641
China,CHN,2007,2734.72709877693,74.789,16.0,1.581
Cameroon,CMR,2007,1325.67248215933,55.71,2.93,3.063
Colombia,COL,2007,4769.926147194,73.751,21.79999924,10.252
Costa Rica,CRI,2007,6137.71199925542,79.098,28.39999962,4.557
Cuba,CUB,2007,4807.43888960684,77.55,11.69,1.788
Cayman Islands,CYM,2007,89888.2611264853,75.152,52.0,3.824
Cyprus,CYP,2007,31244.87890625,79.798,40.77,3.946
Czechia,CZE,2007,18452.6532812196,76.7243902439025,51.93,5.316
Germany,DEU,2007,42350.9217211489,79.5341463414634,75.16,8.732
Denmark,DNK,2007,58631.6566433635,78.1951219512195,85.03,3.801
Dominican Republic,DOM,2007,4649.64558875814,71.097,17.66,5.158
Algeria,DZA,2007,4167.45169937531,73.346,9.45119062555304,13.79
East Asia & Pacific (excluding high income),EAP,2007,2481.38704492063,72.9937536648265,14.3,2.38946178055071
East Asia & Pacific,EAS,2007,5739.38750773872,73.8948513504332,20.8,2.53661740707122
Europe & Central Asia (excluding high income),ECA,2007,5206.48238815828,70.5579786921334,16.3,9.56665946810819
Europe & Central Asia,ECS,2007,24195.9334256766,75.0086537519123,43.6,7.33484306752973
Ecuador,ECU,2007,3478.92488770671,74.226,10.80000019,3.142
"Egypt, Arab Rep.",EGY,2007,1547.74170735909,68.627,16.03,8.805
Spain,ESP,2007,32652.015594702,80.8731707317073,55.11,8.232
Estonia,EST,2007,16745.4308011148,72.8146341463415,66.19,4.592
Finland,FIN,2007,48473.0240091455,79.2634146341464,80.78,6.854
Fiji,FJI,2007,3762.74692789299,66.161,10.89780045,8.75
France,FRA,2007,41486.1907828787,81.1121951219512,66.09,8.008
Faroe Islands,FRO,2007,48348.7393711011,79.9238243902439,75.98,1.727
United Kingdom,GBR,2007,50629.0799172887,79.4487804878049,75.09,5.399
Georgia,GEO,2007,2635.36650276116,70.985,8.26,13.276
Greece,GRC,2007,28440.7625328955,79.4390243902439,35.88,8.351
Guam,GUM,2007,26605.4324214756,76.397,46.1504736192355,8.349
High income,HIC,2007,34666.0451564196,77.8631136411291,61.3,5.68572877129421
"Hong Kong SAR, China",HKG,2007,30593.9511738646,82.3668292682927,64.8,4.01
Honduras,HND,2007,1577.73789197407,69.539,9.399999619,3.211
Croatia,HRV,2007,13755.8321073292,75.7056097560976,41.44,9.909
Haiti,HTI,2007,984.566983448521,61.09,7.199999809,16.8
Hungary,HUN,2007,13934.605460375,73.1512195121951,53.3,7.406
IBRD only,IBD,2007,3321.08117407742,70.5142450680001,13.7,4.51574049559569
Indonesia,IDN,2007,1823.21976255073,67.914,5.78627472934199,8.06
Ireland,IRL,2007,61396.417461176,79.6414634146341,61.158324551,4.98
"Iran, Islamic Rep.",IRN,2007,4687.99166260718,73.299,9.470000267,10.772
Iraq,IRQ,2007,3128.99010329066,64.428,0.93,8.646
Iceland,ISL,2007,70483.0117228535,81.4536585365854,90.6,2.251
Israel,ISR,2007,25721.2594077311,80.5048780487805,48.1280621948445,7.319
Italy,ITA,2007,37826.1754554823,81.4341463414634,40.79,6.076
Jordan,JOR,2007,2506.20599484139,73.407,20.0,13.1
Japan,JPN,2007,35779.0245416427,82.5070731707317,74.3,3.888
Kazakhstan,KAZ,2007,6449.43931096532,66.18,4.02,7.258
Cambodia,KHM,2007,731.692295125426,65.549,0.49,1.257
"Korea, Rep.",KOR,2007,25078.4853957105,79.119512195122,78.8,3.013
Kuwait,KWT,2007,45709.4132876371,77.0101707317073,34.79999924,1.5
Latin America & Caribbean (excluding high income),LAC,2007,6672.17705130307,72.7478219327265,23.3,7.24119757729702
Lebanon,LBN,2007,5125.25809960149,76.732,18.74,8.984
Liberia,LBR,2007,374.211308104278,58.147,0.551400006,5.551
St. Lucia,LCA,2007,7964.38211480117,72.86,27.89999962,14.0
Latin America & Caribbean,LCN,2007,7035.79917204557,73.0593298775944,23.7,7.24935424270676
Liechtenstein,LIE,2007,130492.595349517,81.2951219512195,65.0802002,2.012
Sri Lanka,LKA,2007,1578.63451125392,72.983,3.88,5.96
Lithuania,LTU,2007,12295.1212779366,70.9,49.9,4.25
Luxembourg,LUX,2007,107475.320297978,79.3829268292683,78.92,4.065
Latvia,LVA,2007,13370.9789452508,71.019512195122,59.17,6.052
"Macao SAR, China",MAC,2007,35400.2334659409,81.7292682926829,47.32699966,3.034
Morocco,MAR,2007,2755.5859375,69.62,21.5,9.56
Moldova,MDA,2007,1531.21618590748,68.674,20.45,2.749
"Middle East, North Africa, Afghanistan & Pakistan",MEA,2007,4010.05228061244,68.346588319376,11.7,6.78667644804274
Mexico,MEX,2007,10134.3327138119,73.796,20.81,3.628
North Macedonia,MKD,2007,4204.11328760452,73.8,36.29999924,35.231
Mali,MLI,2007,670.853394973479,54.756,0.81,11.706
Malta,MLT,2007,19444.1741958382,79.7926829268293,46.9,6.472
"Middle East, North Africa, Afghanistan & Pakistan (excluding high income)",MNA,2007,2237.26188319836,67.6503603993861,9.7,6.91100638137542
Montenegro,MNE,2007,5971.84638953467,74.3390243902439,30.79999924,19.34
Mongolia,MNG,2007,1627.68787743359,66.5934146341464,9.0,7.193
Mauritius,MUS,2007,6677.34962448608,72.5707317073171,20.22,8.475
Malaysia,MYS,2007,7168.93031942508,74.961,55.7,3.227
North America,NAC,2007,47727.7701044725,78.2395331531403,74.8,4.78243165759455
Nicaragua,NIC,2007,1350.38145753377,71.197,3.900000095,4.891
Netherlands,NLD,2007,52100.7996285947,80.0975609756098,85.82,4.153
Norway,NOR,2007,85502.2677087731,80.3951219512195,86.93,2.493
New Zealand,NZL,2007,32479.9817381467,80.1512195121951,69.76000214,3.606
Pakistan,PAK,2007,998.090114197524,63.807,6.800000191,0.398
Panama,PAN,2007,6317.8173051466,75.675,22.29,6.783
Peru,PER,2007,3581.0893081917,72.746,25.20000076,4.078
Philippines,PHL,2007,1712.65543282793,68.549,5.97,3.434
Poland,POL,2007,11272.5293683383,75.2439024390244,48.6,9.551
Puerto Rico (US),PRI,2007,23664.8823485096,77.659,27.86,10.927
Portugal,PRT,2007,22811.0564844365,78.3219512195122,42.09,7.965
Paraguay,PRY,2007,3211.93621659546,71.817,11.21,4.713
West Bank and Gaza,PSE,2007,1664.24571669276,72.064,21.1760006,18.282
French Polynesia,PYF,2007,24888.1781337361,80.328,28.59,11.738
Qatar,QAT,2007,65954.3419525051,77.741,37.0,0.517
Romania,ROU,2007,8360.33775916596,72.5658536585366,28.3,6.413
Russian Federation,RUS,2007,9101.2392578125,67.5868292682927,24.66,6.101
Saudi Arabia,SAU,2007,18596.1502627898,75.066,30.0,5.734
Singapore,SGP,2007,39432.8860198877,80.4414634146342,69.9,3.9
El Salvador,SLV,2007,2830.65693770733,69.82,6.11,6.406
San Marino,SMR,2007,70124.4634385624,82.605,50.3648221088655,2.598
Serbia,SRB,2007,6081.08765700202,73.6317073170732,33.15,18.063
Slovak Republic,SVK,2007,16110.4817265237,74.2073170731707,61.8,11.16
Slovenia,SVN,2007,23725.1596001515,78.5609756097561,56.74,4.818
Sweden,SWE,2007,53568.3057787832,80.9,82.01,6.161
Eswatini,SWZ,2007,3109.11097608864,45.16,4.1,28.242
Syrian Arab Republic,SYR,2007,1937.61138578027,73.256,11.5,8.422
East Asia & Pacific (IDA & IBRD countries),TEA,2007,2510.42261993326,73.0450331089394,14.5,2.38946178055071
Europe & Central Asia (IDA & IBRD countries),TEC,2007,7247.02729943285,70.1803431982885,23.0,7.84371877741814
Thailand,THA,2007,3918.52817434581,73.779,20.03,1.176
Tajikistan,TJK,2007,516.997210618914,67.405,7.19761951797855,2.317
Latin America & the Caribbean (IDA & IBRD countries),TLA,2007,6927.88249936996,72.9337716205704,23.9,7.34150923453921
Timor-Leste,TLS,2007,540.154630518785,62.396,1.0,5.646
"Middle East, North Africa, Afghanistan & Pakistan (IDA & IBRD)",TMN,2007,2240.98836783175,67.6216572647968,9.6,6.85274953472287
Trinidad and Tobago,TTO,2007,16606.675360681,70.797,32.3,5.544
Tunisia,TUN,2007,3726.91672935667,74.039,17.1,12.365
Turkiye,TUR,2007,9766.91734545294,74.129,28.63,10.281
Upper middle income,UMC,2007,3982.92205517928,72.912796750858,16.6,4.22292492988713
Uruguay,URY,2007,7222.05403645877,76.15,34.0,9.403
United States,USA,2007,48050.2237771135,77.9878048780488,75.0,4.622
Uzbekistan,UZB,2007,824.028192334768,68.483,7.49060468138629,4.99
"Venezuela, RB",VEN,2007,8331.62096991844,73.348,20.83,7.279
Viet Nam,VNM,2007,925.640338348717,73.385,20.7554447679753,2.026
"Yemen, Rep.",YEM,2007,890.305768114988,66.23,5.01,15.333
South Africa,ZAF,2007,6591.85535960564,54.948,8.06537517355504,26.54
Afghanistan,AFG,2008,381.73323802844,59.708,1.84,2.494
Albania,ALB,2008,4498.50486763601,78.248,23.86,13.06
United Arab Emirates,ARE,2008,50054.1700681803,81.591,63.0,4.007
Argentina,ARG,2008,8944.1102657357,75.428,28.1126234799907,7.837
Armenia,ARM,2008,3777.66859313767,73.0731707317073,6.21,22.974
Australia,AUS,2008,49811.2067218988,81.3951219512195,71.67,4.234
Austria,AUT,2008,51581.3982361071,80.4317073170732,72.87,4.198
Azerbaijan,AZE,2008,5574.46810432575,69.355,17.08,5.856
Burundi,BDI,2008,189.502074570768,55.581,0.81,1.634
Belgium,BEL,2008,48303.397956286,79.6804878048781,68.8573221425131,6.976
Bulgaria,BGR,2008,7271.30338858025,72.9634146341463,39.67,5.609
Bahrain,BHR,2008,23299.4992780392,77.457,51.95,3.7
"Bahamas, The",BHS,2008,29392.3824416397,73.445,31.54,8.712
Bosnia and Herzegovina,BIH,2008,4841.69311934649,76.3,34.66,23.405
Belarus,BLR,2008,6376.17569162063,70.4560975609756,23.0,0.8
Belize,BLZ,2008,5711.81458859709,70.665,26.29999924,8.182
Bolivia,BOL,2008,1692.67248455876,65.299,12.5,2.603
Brazil,BRA,2008,8908.33338467948,73.111,33.83,8.268
Canada,CAN,2008,46710.2526864484,80.7246341463415,76.69999695,6.284
Switzerland,CHE,2008,74175.1927898555,81.9926829268293,79.2,3.35
China,CHN,2008,3523.44302065213,74.833,22.6,1.924
Colombia,COL,2008,5541.83629665898,74.206,25.6,10.52
Costa Rica,CRI,2008,6937.24261596055,79.18,32.29,4.934
Cuba,CUB,2008,4986.12436479175,77.589,12.94,1.583
Cayman Islands,CYM,2008,89655.1185574521,75.386,61.0,3.972
Cyprus,CYP,2008,35397.296875,79.906,42.31,3.756
Czechia,CZE,2008,22774.7045076205,76.9756097560976,62.97,4.392
Germany,DEU,2008,46379.1647953479,79.7365853658537,78.0,7.508
Denmark,DNK,2008,64616.6657583663,78.4463414634146,85.02,3.683
Dominican Republic,DOM,2008,5023.58513403515,71.331,20.82,4.764
Algeria,DZA,2008,5180.91881514686,73.618,10.18,11.333
East Asia & Pacific (excluding high income),EAP,2008,3117.83131105355,72.9241376220933,19.2,2.59221211717952
East Asia & Pacific,EAS,2008,6569.11576512158,73.8481629943997,25.2,2.72779879812302
Europe & Central Asia (excluding high income),ECA,2008,6191.07369718277,70.9743175160426,20.6,9.18922368093598
Europe & Central Asia,ECS,2008,26524.5115468839,75.3023142874929,48.1,7.21235609998833
Ecuador,ECU,2008,4194.75750661981,74.709,18.8,3.917
"Egypt, Arab Rep.",EGY,2008,1896.21594269779,68.761,18.01,8.517
Spain,ESP,2008,35603.248328071,81.1756097560976,59.6,11.254
Estonia,EST,2008,18205.9064113446,73.7707317073171,70.58,5.455
Finland,FIN,2008,53769.4726240385,79.5682926829268,83.67,6.369
Fiji,FJI,2008,3899.92231512129,66.32,13.0,8.938
France,FRA,2008,45464.8181385158,81.2146341463415,70.68,7.386
Faroe Islands,FRO,2008,51287.8911081663,80.1460804878049,75.57,2.359
United Kingdom,GBR,2008,47652.4030691881,79.6,78.39,5.748
Georgia,GEO,2008,3324.7537205015,70.949,10.01000023,17.866
Greece,GRC,2008,31695.8331092209,79.9390243902439,38.2,7.664
High income,HIC,2008,36900.1405697145,78.0528402965478,64.0,5.90315320150441
"Hong Kong SAR, China",HKG,2008,31515.5292103443,82.3404878048781,66.7,3.56
Honduras,HND,2008,1732.49062702803,69.657,9.6,3.156
Croatia,HRV,2008,15888.0606949392,75.9121951219512,44.24,8.53
Hungary,HUN,2008,15762.6322515113,73.7024390243903,61.0,7.817
IBRD only,IBD,2008,3944.6530416302,70.7624457262186,17.1,4.51485819076955
Indonesia,IDN,2008,2124.55483920618,68.085,7.917500019,7.208
Ireland,IRL,2008,61353.1065629523,80.0951219512195,65.34,6.774
"Iran, Islamic Rep.",IRN,2008,5377.4115072957,73.683,12.02,10.63
Iceland,ISL,2008,57489.3399795216,81.609756097561,91.0,2.946
Israel,ISR,2008,30269.217773489,80.9512195121951,59.39,6.1
Italy,ITA,2008,40828.5795580937,81.4853658536585,44.53,6.723
Jamaica,JAM,2008,5029.80095281745,71.502,23.6,6.666
Jordan,JOR,2008,3241.6524135556,73.563,23.0,12.7
Japan,JPN,2008,39876.3039685725,82.5875609756098,75.4,4.002
Kazakhstan,KAZ,2008,8123.54705891736,66.759,11.0,6.63
Kyrgyz Republic,KGZ,2008,966.388569370494,68.4512195121951,15.69999981,8.219
Cambodia,KHM,2008,866.283999789749,66.147,0.51,0.825
"Korea, Rep.",KOR,2008,22252.3125108061,79.5170731707317,81.0,2.959
Kuwait,KWT,2008,55585.1889344442,77.1890487804878,42.0,1.753
Latin America & Caribbean (excluding high income),LAC,2008,7623.43840731336,73.0004008102304,25.9,6.63672877495503
St. Lucia,LCA,2008,8516.96075488787,72.963,30.0,12.72
Latin America & Caribbean,LCN,2008,8077.96588935619,73.2561404095911,26.4,6.6346254321544
Liechtenstein,LIE,2008,143249.227302093,82.6829268292683,70.0,2.603
Sri Lanka,LKA,2008,1973.58476901287,72.556,4.824500084,5.206
Lesotho,LSO,2008,898.482517882593,44.304,3.58,35.462
Lithuania,LTU,2008,14955.5345462921,71.8121951219512,55.22,5.826
Luxembourg,LUX,2008,120422.137934157,80.5390243902439,82.23,5.06
Latvia,LVA,2008,15677.6080864506,72.419512195122,63.41,7.739
"Macao SAR, China",MAC,2008,38888.5118044503,82.0268292682927,49.24,3.033
Morocco,MAR,2008,3183.20043945313,70.051,33.1,9.566
Moldova,MDA,2008,2110.55305353857,69.0,23.39,2.097
"Middle East, North Africa, Afghanistan & Pakistan",MEA,2008,4834.32204392542,68.7041650814368,14.1,6.21535309920284
Mexico,MEX,2008,10523.7685403244,73.695,21.71,3.874
North Macedonia,MKD,2008,5026.4202989873,74.4,46.04,33.93
Malta,MLT,2008,22315.3104212988,79.6365853658537,50.08,5.977
"Middle East, North Africa, Afghanistan & Pakistan (excluding high income)",MNA,2008,2652.79039146265,67.9910660173056,11.7,6.43893681607351
Montenegro,MNE,2008,7359.95118960869,75.1365853658537,32.90000153,17.15
Mongolia,MNG,2008,2127.42678594737,67.2460975609756,9.800000191,5.565
Mauritius,MUS,2008,8140.50808595895,72.5707317073171,21.81,7.17
Malaysia,MYS,2008,8371.82156086005,75.151,55.8,3.341
North America,NAC,2008,48398.3601410965,78.3038592516027,74.3,5.83652846325955
Namibia,NAM,2008,4204.78555422749,54.74,5.32900377208954,37.583
Nicaragua,NIC,2008,1523.68437086409,71.404,5.300000191,6.2
Netherlands,NLD,2008,58246.7026905874,80.2512195121951,87.42,3.658
Norway,NOR,2008,97503.5407803783,80.5926829268293,90.57,2.521
Nepal,NPL,2008,464.817391891529,66.442,1.73,1.378
New Zealand,NZL,2008,31324.7397977102,80.3512195121951,72.02999878,4.037
Oman,OMN,2008,26576.779241509,76.124,20.0,4.142
Pakistan,PAK,2008,1067.04324565284,64.002,7.0,0.423
Peru,PER,2008,4197.58444634142,72.743,30.57,4.025
Philippines,PHL,2008,1959.29233534978,68.643,6.22,3.72
Poland,POL,2008,14048.5604672654,75.5439024390244,53.13,7.069
Puerto Rico (US),PRI,2008,24898.3345857045,78.111,38.0,11.477
Portugal,PRT,2008,24949.0413566739,78.5243902439025,44.13,7.553
Paraguay,PRY,2008,4384.95469437803,72.047,14.27,4.415
West Bank and Gaza,PSE,2008,2035.20234121766,72.204,24.3579998,22.913
Qatar,QAT,2008,80781.4039187792,78.262,44.29999924,0.308
Romania,ROU,2008,10435.1561230787,72.5658536585366,32.42,5.787
Russian Federation,RUS,2008,11635.2841796875,67.9492682926829,32.0,6.325
Saudi Arabia,SAU,2008,22320.4888964331,75.301,36.0,5.085
Singapore,SGP,2008,40008.5720489092,80.790243902439,69.0,3.96
El Salvador,SLV,2008,2983.24829577976,70.138,10.08,5.884
San Marino,SMR,2008,75902.1320521765,82.894,54.52,3.14
Serbia,SRB,2008,7376.73517910716,73.8853658536585,35.6,13.67
Slovak Republic,SVK,2008,18744.3192278346,74.7048780487805,66.05,9.514
Slovenia,SVN,2008,27461.9764165315,78.7658536585366,58.0,4.371
Sweden,SWE,2008,55817.1759726485,81.1,90.0,6.235
Syrian Arab Republic,SYR,2008,2429.12477087189,73.368,14.0,10.94
East Asia & Pacific (IDA & IBRD countries),TEA,2008,3154.16872851062,72.9707321912267,19.5,2.59221211717952
Europe & Central Asia (IDA & IBRD countries),TEC,2008,8951.25356376805,70.5451641405676,28.2,7.50449859822699
Thailand,THA,2008,4309.13509292986,74.221,18.2,1.176
Tajikistan,TJK,2008,703.327375898643,67.924,8.78,2.436
Latin America & the Caribbean (IDA & IBRD countries),TLA,2008,7989.38067187903,73.133810817189,26.7,6.7117871882774
"Middle East, North Africa, Afghanistan & Pakistan (IDA & IBRD)",TMN,2008,2656.83046140986,67.9635063066435,11.6,6.35254912409669
Trinidad and Tobago,TTO,2008,21298.9945258063,71.117,34.8,4.627
Tunisia,TUN,2008,4255.05008019523,74.192,27.53,12.444
Turkiye,TUR,2008,10913.4079047769,74.38,34.37,10.97
Tanzania,TZA,2008,675.977233886719,59.896,1.899999976,0.343
Upper middle income,UMC,2008,4780.19249304455,73.0980299785479,21.2,4.16665976506101
Uruguay,URY,2008,9423.96562595893,76.275,39.3,8.025
United States,USA,2008,48570.0459804586,78.0390243902439,74.0,5.784
Uzbekistan,UZB,2008,1074.72928796701,69.035,9.0801145234501,4.89
St. Vincent and the Grenadines,VCT,2008,6598.90531450859,70.611,21.0,18.792
"Venezuela, RB",VEN,2008,11262.4514256759,72.578,25.88,6.245
"Yemen, Rep.",YEM,2008,1071.63583282105,66.609,6.89,14.971
South Africa,ZAF,2008,6184.75474328399,55.982,8.43,22.407
Zambia,ZMB,2008,1375.50211006997,54.835,2.200000048,7.934
Angola,AGO,2009,3645.14846562976,56.225,2.299999952,3.782
Albania,ALB,2009,4213.65007574693,78.509,41.2,13.674
Argentina,ARG,2009,8150.23527028221,75.577,34.0,8.645
Armenia,ARM,2009,2820.5926553347,73.0731707317073,15.30000019,19.295
Australia,AUS,2009,42954.8494884573,81.5439024390244,74.25,5.561
Austria,AUT,2009,47857.4446635266,80.3317073170732,73.45,5.371
Azerbaijan,AZE,2009,4950.39949009423,69.874,27.4,5.74
Belgium,BEL,2009,44923.3400135081,80.0341463414634,74.5441455527336,7.908
Bangladesh,BGD,2009,679.211477428056,67.527,3.099999905,5.0
Bulgaria,BGR,2009,6988.27316296465,73.4121951219512,45.0,6.817
Bahrain,BHR,2009,19465.3140745038,78.016,53.0,4.0
"Bahamas, The",BHS,2009,27512.9130950084,73.455,33.88,14.2
Bosnia and Herzegovina,BIH,2009,4539.91863774968,76.701,37.74,24.068
Belarus,BLR,2009,5352.48809190697,70.4073170731707,27.43,5.803
Bermuda,BMU,2009,104711.712420357,79.229,83.25,4.482
Bolivia,BOL,2009,1731.18172112209,65.656,16.79999924,2.973
Brazil,BRA,2009,8678.6584730653,73.457,39.22,9.419
Barbados,BRB,2009,16294.9099491834,75.458,64.69999695,10.0
Bhutan,BTN,2009,1918.39599211093,68.156,7.17,3.961
Botswana,BWA,2009,5082.93388332404,58.297,6.150000095,16.169
Canada,CAN,2009,40874.8831932903,81.0660975609756,80.3,8.46
Switzerland,CHE,2009,71568.3123885672,82.0439024390244,81.3,4.109
Chile,CHL,2009,10098.8017167286,78.89,41.56,10.341
China,CHN,2009,3898.24459158811,75.317,28.9,2.17
"Congo, Rep.",COG,2009,2271.15219175966,61.215,4.5,19.86
Colombia,COL,2009,5250.97292433518,74.531,30.0,11.319
Cabo Verde,CPV,2009,3659.72046361628,72.142,21.0,13.517
Costa Rica,CRI,2009,6832.69829924138,79.372,34.33,7.824
Cuba,CUB,2009,5089.23519757167,77.584,14.33,1.67
Cayman Islands,CYM,2009,81373.5721242232,75.671,64.5,6.039
Cyprus,CYP,2009,32236.44921875,80.375,49.81,5.594
Czechia,CZE,2009,19817.4215836554,77.0780487804878,64.43,6.662
Germany,DEU,2009,42471.8868625226,79.8365853658537,79.0,7.88
Denmark,DNK,2009,58412.7472358513,78.5975609756098,86.84,6.409
Dominican Republic,DOM,2009,4973.95186999952,71.587,27.72,5.467
Algeria,DZA,2009,4235.42990456612,73.871,11.23,10.164
East Asia & Pacific (excluding high income),EAP,2009,3359.51721584875,73.4677878146597,23.7,2.63574081094306
East Asia & Pacific,EAS,2009,6713.65045131004,74.3683471715786,29.5,2.87513998697217
Europe & Central Asia (excluding high income),ECA,2009,5125.12331489484,71.442292156273,25.0,10.3868733674521
Europe & Central Asia,ECS,2009,23259.5334613272,75.6891993831489,52.7,9.13345283122415
Ecuador,ECU,2009,4053.36331139298,74.901,24.6,4.608
"Egypt, Arab Rep.",EGY,2009,2161.63964573927,68.915,20.0,9.087
Spain,ESP,2009,32279.8208476151,81.4756097560976,62.4,17.857
Estonia,EST,2009,14712.4494217916,74.8243902439024,72.5,13.548
Finland,FIN,2009,47478.3495310999,79.719512195122,82.49,8.249
Fiji,FJI,2009,3164.13275408169,66.347,17.0,8.717
France,FRA,2009,41728.0884164132,81.4146341463415,71.58,9.122
Faroe Islands,FRO,2009,47059.1947296738,80.3695317073171,75.18,3.938
United Kingdom,GBR,2009,39009.3715547821,80.0512195121951,83.56,7.683
Georgia,GEO,2009,2822.68939668797,71.058,20.06999969,20.71
Greece,GRC,2009,29425.4573200263,80.1878048780488,42.4,9.546
Guam,GUM,2009,29054.0581201519,76.141,50.6420283820435,9.259
High income,HIC,2009,34111.8446047683,78.4049799618528,66.4,8.07595991345749
"Hong Kong SAR, China",HKG,2009,30697.5383861641,82.7751219512195,69.4,5.26
Honduras,HND,2009,1781.15703614674,69.823,9.800000191,3.292
Croatia,HRV,2009,14474.6519774194,76.1682926829268,50.58,9.202
Hungary,HUN,2009,13051.1831777184,73.9048780487805,62.0,10.03
IBRD only,IBD,2009,3790.0835825848,71.1602132108325,20.7,4.95467351957554
Indonesia,IDN,2009,2218.48541852977,68.267,6.92,6.106
Ireland,IRL,2009,52133.0906162544,80.190243902439,67.38,12.609
"Iran, Islamic Rep.",IRN,2009,5415.52280553446,74.041,13.80000019,12.113
Iceland,ISL,2009,41483.7843682814,81.7512195121951,93.0,7.22
Israel,ISR,2009,28508.4938886475,81.4048780487805,63.12,7.61
Italy,ITA,2009,37099.6133958219,81.6365853658537,48.83,7.749
Jamaica,JAM,2009,4428.38153333557,71.717,24.3,7.314
Jordan,JOR,2009,3435.8337590698,73.707,26.0,12.9
Japan,JPN,2009,41308.9968370512,82.9314634146342,78.0,5.068
Kazakhstan,KAZ,2009,6938.01175663001,67.46,18.2,6.6
Kenya,KEN,2009,1047.9678324485,60.483,6.1,9.6
Kyrgyz Republic,KGZ,2009,870.198894546917,69.1024390243903,16.0,8.4
Cambodia,KHM,2009,875.748936193569,66.747,0.53,0.579
"Korea, Rep.",KOR,2009,19937.3029137734,79.9682926829268,81.6,3.363
Kuwait,KWT,2009,37907.1001320042,77.4333658536585,50.79999924,1.641
Latin America & Caribbean (excluding high income),LAC,2009,6981.206567743,73.1845433768983,30.3,7.66179948715561
Lebanon,LBN,2009,7090.85493856621,77.262,30.13999939,6.355
St. Lucia,LCA,2009,8250.52180732734,72.946,31.0,15.37
Latin America & Caribbean,LCN,2009,7495.05944025108,73.4422623291815,31.0,7.68802945947531
Liechtenstein,LIE,2009,126024.714567466,81.5,75.0,3.332
Sri Lanka,LKA,2009,2026.65939950702,70.298,5.868500233,5.853
Lithuania,LTU,2009,11854.3711053096,72.9146341463415,59.76,13.785
Luxembourg,LUX,2009,109419.746953106,80.6365853658537,87.31,5.194
Latvia,LVA,2009,11996.0322729773,73.0804878048781,66.84,17.515
"Macao SAR, China",MAC,2009,40354.2810293673,82.1756097560976,54.0,3.6
Morocco,MAR,2009,3119.58862304688,70.454,41.3,8.96
Moldova,MDA,2009,1898.43975710988,69.406,27.5,3.024
Maldives,MDV,2009,6734.03165601895,76.371,24.8,11.697
"Middle East, North Africa, Afghanistan & Pakistan",MEA,2009,4256.64048356928,68.9987213130448,16.1,6.56764110146891
Mexico,MEX,2009,8423.56933214711,73.628,26.34,5.356
North Macedonia,MKD,2009,4799.78722768888,74.4463414634146,51.77,32.351
Mali,MLI,2009,787.482564287398,55.588,1.799999952,1.665
Malta,MLT,2009,21176.3218262672,80.2414634146342,58.86,6.896
"Middle East, North Africa, Afghanistan & Pakistan (excluding high income)",MNA,2009,2510.74762666028,68.2744546682628,13.5,6.71662878047951
Montenegro,MNE,2009,6700.11405052395,75.1439024390244,35.09999847,19.09
Mongolia,MNG,2009,1703.32756790019,67.9690243902439,10.0,5.86
Mauritius,MUS,2009,7426.88645617593,72.8824390243903,22.51,7.257
Malaysia,MYS,2009,7191.43287234626,75.269,55.9,3.694
North America,NAC,2009,46581.4062631638,78.6547128363776,71.9,9.16994852137916
New Caledonia,NCL,2009,33836.494080472,75.676,33.99,13.967
Nicaragua,NIC,2009,1467.08288052845,71.499,7.300000191,8.157
Netherlands,NLD,2009,53172.0261581418,80.5487804878049,89.63,4.352
Norway,NOR,2009,80347.5700665184,80.7951219512195,92.08,3.1
New Zealand,NZL,2009,28276.7255416225,80.7024390243902,79.7,5.866
Pakistan,PAK,2009,963.788066395225,64.206,7.5,0.535
Panama,PAN,2009,7796.92618363433,76.228,39.08,5.105
Peru,PER,2009,4181.18755462253,72.631,31.4,3.964
Philippines,PHL,2009,1864.45043406471,68.631,9.0,3.858
Poland,POL,2009,11556.3026866026,75.6951219512195,58.97,8.131
Puerto Rico (US),PRI,2009,25768.7258883384,78.377,41.5,15.0
Portugal,PRT,2009,23151.2154130712,78.7268292682927,48.27,9.432
Paraguay,PRY,2009,3941.84815479431,72.282,18.9,5.46
West Bank and Gaza,PSE,2009,2191.78178736868,72.306,32.23,20.452
Qatar,QAT,2009,60785.7351551657,78.837,53.09999847,0.313
Romania,ROU,2009,8548.4543409242,73.309756097561,36.6,6.859
Russian Federation,RUS,2009,8562.82421875,68.6846341463415,42.55,8.458
Saudi Arabia,SAU,2009,17718.3911648365,75.447,38.0,5.377
Singapore,SGP,2009,38926.8054365453,81.2414634146342,69.0,5.86
Solomon Islands,SLB,2009,1554.70671006386,68.397,4.0,2.016
El Salvador,SLV,2009,2910.18651752011,70.359,12.11,7.332
San Marino,SMR,2009,62428.9943269418,83.224,54.21,4.023
Serbia,SRB,2009,6414.0448463847,73.9853658536585,38.1,16.116
Suriname,SUR,2009,7129.5768626291,69.323,31.36,8.711
Slovak Republic,SVK,2009,16586.7527805228,74.909756097561,70.0,12.023
Slovenia,SVN,2009,24501.7897290425,78.9707317073171,64.0,5.858
Sweden,SWE,2009,46707.6425044751,81.3512195121951,91.0,8.351
Syrian Arab Republic,SYR,2009,2462.20193643202,73.496,17.3,8.141
East Asia & Pacific (IDA & IBRD countries),TEA,2009,3398.52989667846,73.5161019563417,24.0,2.63574081094306
Europe & Central Asia (IDA & IBRD countries),TEC,2009,7074.02354262313,71.0832338433596,34.7,9.25143751830922
Thailand,THA,2009,4135.43986952819,74.669,20.1,1.489
Tajikistan,TJK,2009,664.795655734657,68.248,10.07,11.498
Turkmenistan,TKM,2009,3707.97850699617,68.155,1.950000048,4.0
Latin America & the Caribbean (IDA & IBRD countries),TLA,2009,7386.60018995036,73.3248238756312,31.3,7.76769696636792
"Middle East, North Africa, Afghanistan & Pakistan (IDA & IBRD)",TMN,2009,2512.84382036535,68.2479599816693,13.4,6.64155095539069
Trinidad and Tobago,TTO,2009,14634.0565003912,71.404,44.3,5.28
Tunisia,TUN,2009,4080.09032448781,74.32,34.07,13.29
Turkiye,TUR,2009,9076.92472236977,74.679,36.4,14.024
Tanzania,TZA,2009,693.823547363281,60.494,2.400000095,2.5
Uganda,UGA,2009,798.947089938247,59.157,4.099999905,3.6
Ukraine,UKR,2009,2607.08764648438,69.159,17.9,8.84
Upper middle income,UMC,2009,4710.56351783068,73.5030015253387,25.8,4.63055355014071
Uruguay,URY,2009,9881.39573127081,76.67,41.8,7.74
United States,USA,2009,47194.9433547336,78.390243902439,71.0,9.254
Uzbekistan,UZB,2009,1205.7993547038,69.517,11.9,5.0
"Venezuela, RB",VEN,2009,11596.6021921731,72.785,32.7,6.097
Viet Nam,VNM,2009,1226.16976051536,73.525,26.55,1.737
Vanuatu,VUT,2009,2546.38324565986,69.422,7.5,4.565
World,WLD,2009,8816.8105604156,70.3795311943904,25.3,5.61360473192398
"Yemen, Rep.",YEM,2009,969.243509864478,66.905,9.96,14.627
South Africa,ZAF,2009,6374.70560042992,57.413,10.0,23.523
Aruba,ABW,2010,24093.1401510626,74.297,62.0,10.605
Angola,AGO,2010,4101.63715566712,57.242,2.799999952,9.431
Albania,ALB,2010,4149.14469936847,78.414,45.0,14.086
Argentina,ARG,2010,10260.1313108254,75.68,45.0,7.714
Armenia,ARM,2010,3041.34450723339,73.1731707317073,25.0,19.523
Australia,AUS,2010,52313.8939041213,81.6951219512195,76.0,5.211
Austria,AUT,2010,46611.1393420232,80.5804878048781,75.17,4.883
Azerbaijan,AZE,2010,5843.5337683582,70.309,46.0,5.63
Belgium,BEL,2010,44197.393671162,80.1829268292683,77.6397855126946,8.293
Benin,BEN,2010,973.244254931526,58.387,3.13,1.041
Bangladesh,BGD,2010,757.385280361508,68.009,3.700000048,3.379
Bulgaria,BGR,2010,6853.94805511171,73.5121951219512,46.23,10.279
Bahrain,BHR,2010,21819.3291098099,78.593,55.0,1.128
Bosnia and Herzegovina,BIH,2010,4506.47828548389,76.827,42.75,27.312
Belarus,BLR,2010,6034.67885177216,70.4048780487805,31.8,0.827
Bermuda,BMU,2010,104111.824244802,79.414,84.21,6.493
Barbados,BRB,2010,20610.5150721363,75.488,65.09999847,10.7
Bhutan,BTN,2010,2435.5798056672,68.765,13.6,3.3
Botswana,BWA,2010,6215.73216077919,59.137,6.0,17.863
Canada,CAN,2010,47560.6666009406,81.3221951219512,80.3,8.178
Switzerland,CHE,2010,76531.3729407691,82.2463414634147,83.9,4.808
Chile,CHL,2010,12632.8704724192,79.095,45.0,8.547
China,CHN,2010,4629.24551710077,75.668,34.3,2.912
Cameroon,CMR,2010,1398.58702025047,56.965,4.300000191,4.111
Colombia,COL,2010,6398.2958447102,74.876,36.5,11.153
Cabo Verde,CPV,2010,3579.46006137809,72.507,30.0,10.666
Costa Rica,CRI,2010,8265.78820275582,79.354,36.5,7.171
Cuba,CUB,2010,5272.26755824835,77.876,15.9,2.5
Cayman Islands,CYM,2010,76837.6710064442,76.069,66.0,6.682
Cyprus,CYP,2010,31105.02734375,80.632,52.99,6.359
Czechia,CZE,2010,20160.4355077059,77.4243902439025,68.82,7.281
Germany,DEU,2010,42396.9665976293,79.9878048780488,82.0,7.043
Denmark,DNK,2010,58104.5445594981,79.1,88.72,7.746
Dominican Republic,DOM,2010,5478.62470398954,72.039,31.39999962,5.212
Algeria,DZA,2010,4912.78585503672,74.144,12.5,9.962
East Asia & Pacific (excluding high income),EAP,2010,4057.86521472833,73.7616390609633,28.9,3.05652886606384
East Asia & Pacific,EAS,2010,7784.344658223,74.6299790050688,34.2,3.23322450548656
Europe & Central Asia (excluding high income),ECA,2010,6019.29491137959,71.9125911481178,30.1,9.44973596691376
Europe & Central Asia,ECS,2010,23702.4750230082,75.9953558348547,57.0,9.09522727493293
Ecuador,ECU,2010,4520.30959039763,75.188,29.03,4.088
"Egypt, Arab Rep.",EGY,2010,2455.08194645282,69.078,21.6,8.757
Spain,ESP,2010,30658.7422282912,81.6268292682927,65.8,19.86
Estonia,EST,2010,14663.7041018705,75.4292682926829,74.1,16.707
Finland,FIN,2010,46506.2919016566,79.8707317073171,86.89,8.394
Fiji,FJI,2010,3449.14452883369,66.778,20.0,8.914
France,FRA,2010,40694.8211697025,81.6634146341463,77.28,9.279
Faroe Islands,FRO,2010,47923.1515374991,80.604956097561,75.2,6.386
Gabon,GAB,2010,8356.74662013345,64.715,13.0,20.39
United Kingdom,GBR,2010,39778.3220528565,80.4024390243902,85.0,7.973
Georgia,GEO,2010,3281.72930937343,71.732,26.9,20.203
Ghana,GHA,2010,1263.89251760539,61.297,7.8,5.384
Greece,GRC,2010,26653.0488008626,80.3878048780488,44.4,12.719
Greenland,GRL,2010,44277.1993400972,69.349756097561,63.0,7.8
Guatemala,GTM,2010,2805.25960237322,69.885,10.5,3.497
Guam,GUM,2010,29719.7967836082,76.095,54.04,8.2
High income,HIC,2010,35778.2487328682,78.5956664173842,69.0,8.20878807049439
"Hong Kong SAR, China",HKG,2010,32550.136489179,82.9575609756098,72.0,4.329
Honduras,HND,2010,1893.32722662035,69.77,11.09,4.119
Croatia,HRV,2010,13729.7654965022,76.4756097560976,56.55,11.62
Hungary,HUN,2010,13189.8433874768,74.2073170731707,65.0,11.172
IBRD only,IBD,2010,4561.25191754242,71.5021795019761,25.0,4.49887980094078
IDA & IBRD total,IBT,2010,3715.56679095123,68.9258524146461,20.3,4.38335403568988
Indonesia,IDN,2010,3065.68348377765,68.364,10.92,5.614
India,IND,2010,1347.51939071367,67.162,7.5,3.115
Ireland,IRL,2010,48623.9666422487,80.7439024390244,69.85,14.534
"Iran, Islamic Rep.",IRN,2010,6291.19443655454,74.39,15.9,13.679
Iceland,ISL,2010,43776.4677400475,81.8975609756097,93.39,7.564
Israel,ISR,2010,31439.0887027614,81.6024390243903,67.5,6.637
Italy,ITA,2010,35856.8625485539,82.0365853658537,53.68,8.363
Jamaica,JAM,2010,4809.977380312,71.979,27.67,7.63
Jordan,JOR,2010,3718.46571622945,73.797,27.2,12.5
Japan,JPN,2010,44968.1562349739,82.8426829268293,78.21,5.102
Kazakhstan,KAZ,2010,8793.07589980782,68.257,31.6,5.767
Kyrgyz Republic,KGZ,2010,876.954476440354,69.3,16.29999924,8.692
Cambodia,KHM,2010,952.274616324008,67.311,1.26,0.771
Kiribati,KIR,2010,1522.10068744154,65.859,9.07,30.584
"Korea, Rep.",KOR,2010,24071.2620526362,80.1170731707317,83.7,3.324
Kuwait,KWT,2010,39212.252220155,77.7262195121951,61.40000153,1.816
Lao PDR,LAO,2010,1125.91610151261,63.69,7.0,0.708
Liberia,LBR,2010,492.252808033724,59.358,2.3,2.266
Liechtenstein,LIE,2010,141089.812849014,81.8414634146342,80.0,3.435
Sri Lanka,LKA,2010,2808.36244503709,74.463,6.912399769,4.784
Lower middle income,LMC,2010,1491.30888839804,65.554398103155,10.1,3.39936603158149
Lithuania,LTU,2010,11829.122609457,73.2682926829268,62.12,17.814
Luxembourg,LUX,2010,110885.991378721,80.6317073170732,90.62,4.423
Latvia,LVA,2010,11188.4191700977,73.4829268292683,68.42,19.482
"Macao SAR, China",MAC,2010,52596.2250160214,82.2731707317073,55.198,2.8
Morocco,MAR,2010,3067.9853515625,70.821,52.0,9.09
Moldova,MDA,2010,2436.79935102421,69.876,29.68000031,2.972
Madagascar,MDG,2010,450.009391645726,62.597,1.700000048,4.278
"Middle East, North Africa, Afghanistan & Pakistan",MEA,2010,4867.92943497015,69.2105446964534,18.3,6.83750812478706
Mexico,MEX,2010,9728.80078377082,73.718,31.05,5.303
North Macedonia,MKD,2010,4833.36586759968,74.9975609756098,51.9,33.135
Mali,MLI,2010,797.151541135109,55.993,2.0,8.071
Malta,MLT,2010,21946.6069636029,81.3975609756098,63.0,6.861
"Middle East, North Africa, Afghanistan & Pakistan (excluding high income)",MNA,2010,2816.19347268465,68.4912505131132,15.5,7.03895996901844
Montenegro,MNE,2010,6678.63930800758,75.990243902439,37.5,19.649
Mongolia,MNG,2010,2625.21881402433,68.5056097560976,10.2,6.549
Mauritius,MUS,2010,8113.17670740212,72.9673170731707,28.33,7.654
Malaysia,MYS,2010,8899.34505544675,75.376,56.3,3.252
North America,NAC,2010,48545.7752706944,78.8169547045614,72.5,9.47758645184374
Namibia,NAM,2010,5418.21633365814,56.093,11.6,22.12
Nicaragua,NIC,2010,1526.56706951408,71.761,10.0,7.828
Netherlands,NLD,2010,51305.7338533973,80.7024390243902,90.72,4.991
Norway,NOR,2010,88163.2085931423,80.9975609756098,93.39,3.527
New Zealand,NZL,2010,33761.9009639947,80.9048780487805,80.45999908,6.211
Pakistan,PAK,2010,987.304571124485,64.378,8.0,0.653
Panama,PAN,2010,8331.46422259967,76.417,40.1,5.832
Peru,PER,2010,5072.11494019615,72.886,34.77,3.595
Philippines,PHL,2010,2162.91375885614,68.883,25.0,3.605
Papua New Guinea,PNG,2010,1866.86889851208,63.056,1.28,2.002
Poland,POL,2010,12567.7317676382,76.2463414634146,62.32,9.578
Puerto Rico (US),PRI,2010,26414.8810634548,78.717,45.3,16.037
Portugal,PRT,2010,22551.935098809,79.0268292682927,53.3,10.771
Paraguay,PRY,2010,4750.96273669458,72.551,19.8,4.569
West Bank and Gaza,PSE,2010,2557.07562356699,73.302,37.40000153,21.416
Qatar,QAT,2010,76462.6119486736,79.444,69.0,0.454
Romania,ROU,2010,8399.5374234284,73.4585365853659,39.93,6.959
Russian Federation,RUS,2010,10674.990234375,68.8412195121951,49.0,7.407
South Asia,SAS,2010,1294.02734404973,67.3525068406787,7.1,3.17002046872221
Saudi Arabia,SAU,2010,22028.3901426586,75.616,41.0,5.55
Singapore,SGP,2010,47236.683084953,81.5414634146342,71.0,4.12
El Salvador,SLV,2010,3040.07300952878,70.909,15.9,4.893
Serbia,SRB,2010,5970.92660940072,74.3365853658537,40.9,19.204
Suriname,SUR,2010,7943.60482816915,69.626,31.59,7.154
Slovak Republic,SVK,2010,16899.448680529,75.1121951219512,75.71,14.387
Slovenia,SVN,2010,23329.8417691156,79.4219512195122,70.0,7.236
Sweden,SWE,2010,52542.5759090299,81.4512195121951,90.0,8.61
Syrian Arab Republic,SYR,2010,2730.61477118949,73.542,20.7,8.613
East Asia & Pacific (IDA & IBRD countries),TEA,2010,4104.80262362259,73.8065980873171,29.3,3.05652886606384
Europe & Central Asia (IDA & IBRD countries),TEC,2010,8280.72343768265,71.4358973425353,40.0,8.62519869439795
Togo,TGO,2010,704.986772286079,57.24,3.0,10.624
Thailand,THA,2010,4973.86288823778,75.012,22.4,0.622
Turkmenistan,TKM,2010,4058.53937000739,68.608,3.0,4.0
Timor-Leste,TLS,2010,813.060220670369,63.66,3.0,3.301
"Middle East, North Africa, Afghanistan & Pakistan (IDA & IBRD)",TMN,2010,2817.90380218571,68.4594967501144,15.3,6.9581277089044
South Asia (IDA & IBRD),TSA,2010,1294.02734404973,67.3525068406787,7.1,3.17002046872221
Trinidad and Tobago,TTO,2010,16815.424737361,71.809,48.5,4.033
Tunisia,TUN,2010,4291.86120891575,74.438,36.8,13.049
Turkiye,TUR,2010,10698.9699409757,74.964,39.82,11.881
Tuvalu,TUV,2010,3024.8170790571,64.834,14.60000038,5.525
Tanzania,TZA,2010,736.530151367188,61.127,2.900000095,1.314
Uganda,UGA,2010,823.488144282,59.959,4.300000191,1.401
Ukraine,UKR,2010,3039.63232421875,70.188,23.3,8.1
Upper middle income,UMC,2010,5710.9010671794,73.8314745903693,30.6,4.59071114058129
Uruguay,URY,2010,12641.0576849008,76.691,46.4,7.158
United States,USA,2010,48642.6100179312,78.5414634146342,71.69,9.633
Uzbekistan,UZB,2010,1753.20730243278,69.836,15.89999962,5.4
"Venezuela, RB",VEN,2010,13646.3046622664,73.092,37.37,7.112
Viet Nam,VNM,2010,1683.16182443979,73.611,30.65,1.114
Vanuatu,VUT,2010,2815.18828985779,69.57,8.0,1.848
World,WLD,2010,9542.72886249208,70.6818497084676,28.4,5.14373357323765
"Yemen, Rep.",YEM,2010,1155.20305261418,67.223,12.35,17.821
South Africa,ZAF,2010,7973.47195771517,58.886,24.0,24.683
Zambia,ZMB,2010,1451.10616017155,56.896,3.0,13.186
Aruba,ABW,2011,25712.3843015186,74.578,69.0,8.9
Angola,AGO,2011,5184.15269149912,58.093,4.699999809,16.774
Albania,ALB,2011,4465.70914328865,78.303,47.0,13.481
Argentina,ARG,2011,12704.2831819684,76.1,51.0,7.18
Armenia,ARM,2011,3349.55309771906,73.8170731707317,32.0,18.884
Australia,AUS,2011,62799.3895017032,81.8951219512195,79.4876977139029,5.081
Austria,AUT,2011,51116.8953522042,80.9829268292683,78.7399930986888,4.637
Azerbaijan,AZE,2011,7189.81869211976,70.565,50.0,5.42
Belgium,BEL,2011,47760.8298776546,80.5853658536585,81.6099959955952,7.14
Benin,BEN,2011,1059.41358852588,58.462,4.14832306562512,2.647
Bangladesh,BGD,2011,837.336944695647,68.499,4.5,2.504
Bulgaria,BGR,2011,7849.58061302818,74.1634146341463,47.9799930506026,11.26
Bahrain,BHR,2011,25032.7867743333,79.141,76.9999665032303,1.233
"Bahamas, The",BHS,2011,27090.8376801379,73.571,65.0,14.521
Bosnia and Herzegovina,BIH,2011,4982.69375768263,76.963,43.88769913,27.582
Belarus,BLR,2011,6527.6593428786,70.5536585365854,39.6488956598961,0.6
Bolivia,BOL,2011,2315.52121930607,66.282,30.0,2.255
Brazil,BRA,2011,13396.6263158041,74.047,45.69,7.578
Brunei Darussalam,BRN,2011,46382.8274255349,74.835,56.0,1.721
Bhutan,BTN,2011,2787.97967608562,69.28,14.39999962,3.143
Botswana,BWA,2011,7287.38295334919,59.715,9.0,20.01
Canada,CAN,2011,52223.8588398531,81.4826829268293,83.0,7.637
Switzerland,CHE,2011,90476.7589651577,82.6951219512195,85.1930281804854,4.409
Chile,CHL,2011,14487.3927832032,79.236,52.2496072877744,7.492
China,CHN,2011,5703.76027973346,75.889,38.3,2.748
Colombia,COL,2011,7400.9940695669,75.18,40.3509157546318,10.288
Costa Rica,CRI,2011,9276.39107511347,79.624,39.2121959961842,9.518
Cuba,CUB,2011,6104.46105236166,78.051,16.0172907996413,3.175
Cayman Islands,CYM,2011,75280.9617699986,76.562,69.46594499,6.781
Cyprus,CYP,2011,32485.798828125,80.855,56.8598923503507,7.942
Czechia,CZE,2011,22049.1080788682,77.8731707317073,70.49,6.712
Germany,DEU,2011,47630.9761883572,80.4365853658537,81.26999953602,5.967
Denmark,DNK,2011,61809.737898222,79.8,89.8100133895232,7.769
Dominican Republic,DOM,2011,5826.51014109195,72.496,38.0,6.087
Algeria,DZA,2011,5916.31364364343,74.383,14.89999962,9.961
East Asia & Pacific (excluding high income),EAP,2011,4913.89394942906,73.9857453156401,32.3,2.87871320424786
East Asia & Pacific,EAS,2011,8955.74869819951,74.8252830592191,37.3,3.02191420761646
Europe & Central Asia (excluding high income),ECA,2011,6785.87680428259,72.1509502224104,34.9,8.82857483314743
Europe & Central Asia,ECS,2011,26239.3600613076,76.4793686081824,60.2,8.83873247723412
Ecuador,ECU,2011,5153.6916424375,75.179,31.3668083587433,3.458
"Egypt, Arab Rep.",EGY,2011,2590.64384891965,69.232,25.6,11.849
Spain,ESP,2011,31824.6219134777,82.4756097560976,67.0899993926581,21.39
Estonia,EST,2011,17555.5455239426,76.2292682926829,76.5,12.328
Finland,FIN,2011,51060.3242589767,80.4707317073171,88.70999491353,7.781
Fiji,FJI,2011,4139.60288609702,66.88,28.0,4.406
France,FRA,2011,43929.7840873812,82.1146341463415,77.8199989926706,9.228
Faroe Islands,FRO,2011,51618.9907766392,80.8518097560976,80.7321728,5.29
United Kingdom,GBR,2011,42295.9273835322,80.9512195121951,85.3799985496322,8.195
Georgia,GEO,2011,4119.66818307193,72.485,31.52000046,19.632
Greece,GRC,2011,25504.7866510124,80.7317073170732,51.6499951676815,17.973
Greenland,GRL,2011,47186.8759969388,69.6146341463415,64.0,9.4
Guatemala,GTM,2011,3168.98370607705,70.321,12.30000019,4.126
Guam,GUM,2011,29926.2052442913,76.153,57.7,13.316
High income,HIC,2011,38785.8817355705,78.9211245701351,70.4,7.87469821132905
"Hong Kong SAR, China",HKG,2011,35142.4879344543,83.4119512195122,72.19999695,3.422
Honduras,HND,2011,2073.66121088074,70.116,15.9,4.474
Croatia,HRV,2011,14691.558296292,76.7756097560976,57.7899789891444,13.678
Hungary,HUN,2011,14211.460557822,74.8585365853659,68.0199878861296,11.029
IBRD only,IBD,2011,5342.86138124845,71.8270333930904,28.5,4.94662338532459
IDA & IBRD total,IBT,2011,4324.06826881192,69.2348980453297,23.2,4.68562035872769
IDA blend,IDB,2011,1705.64443688917,59.364406133511,10.3,2.73474665684987
Indonesia,IDN,2011,3579.46442466152,68.629,12.28,5.153
Ireland,IRL,2011,52613.8540355689,80.7463414634146,74.8899729670944,15.354
"Iran, Islamic Rep.",IRN,2011,8025.68743364356,74.721,19.0,12.491
Iceland,ISL,2011,48254.953927254,82.3585365853659,94.8196868008949,7.028
Israel,ISR,2011,34522.5215979073,81.6560975609756,68.8738779907441,5.604
Italy,ITA,2011,38432.3742820019,82.1878048780488,54.3899983018814,8.359
Jamaica,JAM,2011,5232.63644918132,72.245,37.438613414848,8.034
Jordan,JOR,2011,3946.85503855525,73.929,34.9,12.9
Japan,JPN,2011,48760.0789494211,82.5912195121951,79.0541135244739,4.55
Kazakhstan,KAZ,2011,11287.1464926039,69.108,50.6,5.389
Kyrgyz Republic,KGZ,2011,1117.40174350185,69.6024390243903,17.5,7.455
Cambodia,KHM,2011,1088.98152823081,67.869,3.099999905,0.577
"Korea, Rep.",KOR,2011,26175.2398553363,80.5682926829269,83.7591201534472,2.992
Kuwait,KWT,2011,49169.6063813095,78.052243902439,65.7690706867398,3.597
Latin America & Caribbean (excluding high income),LAC,2011,9979.9897262503,73.6885627028693,38.7,6.50374283538157
St. Lucia,LCA,2011,9128.99442011613,72.962,34.0,18.857
Latin America & Caribbean,LCN,2011,10334.20548878,73.9248923022491,39.3,6.60156681893218
Liechtenstein,LIE,2011,158066.369379163,81.7926829268293,85.0,3.39
Sri Lanka,LKA,2011,3224.95745150496,74.74,7.956399918,4.118
Lithuania,LTU,2011,14261.8433787325,73.5634146341464,63.6399774002179,15.39
Luxembourg,LUX,2011,119025.057203467,80.9878048780488,90.0298585646936,5.122
Latvia,LVA,2011,12902.574053337,73.5756097560976,69.7499545592245,16.206
"Macao SAR, China",MAC,2011,67046.7284292101,82.4707317073171,60.2036967182195,2.6
Morocco,MAR,2011,3301.98876953125,71.263,46.107482597,8.912
Moldova,MDA,2011,2941.36224066021,70.173,32.06999969,2.677
"Middle East, North Africa, Afghanistan & Pakistan",MEA,2011,5731.46333788345,69.3940300698411,20.1,7.22123991345245
Mexico,MEX,2011,10664.4944032313,73.921,37.1762954125184,5.175
Marshall Islands,MHL,2011,3319.39815439151,64.641,10.0,4.735
North Macedonia,MKD,2011,5416.86672931659,75.1,56.7,31.502
Mali,MLI,2011,938.292902583696,56.367,2.2,6.9
Malta,MLT,2011,23516.9691234302,80.7463414634146,68.0198237885462,6.388
"Middle East, North Africa, Afghanistan & Pakistan (excluding high income)",MNA,2011,3232.55085445141,68.6624095113408,16.9,7.37859209903129
Montenegro,MNE,2011,7265.51668681954,76.0829268292683,35.6115412460109,19.759
Mongolia,MNG,2011,3736.04201455077,69.109268292683,12.4999911084745,4.769
Mauritius,MUS,2011,9324.24232310496,73.2668292682927,34.95000076,7.447
Malawi,MWI,2011,763.061000394572,58.859,3.33,1.736
Malaysia,MYS,2011,10217.1068585031,75.488,61.0,3.055
North America,NAC,2011,50251.9815319984,78.9234323511493,71.0,8.80784798616693
Niger,NER,2011,510.75956176268,57.6,0.9,0.316
Nigeria,NGA,2011,2418.41316975875,51.49,13.80000019,3.77
Netherlands,NLD,2011,54701.7728030611,81.2048780487805,91.4199957622284,4.977
Norway,NOR,2011,101221.813476644,81.2951219512195,93.4899826515194,3.196
Nauru,NRU,2011,6444.03642094634,60.287,54.0,22.964
New Zealand,NZL,2011,38431.7766788499,81.1560975609756,81.23000336,6.034
Pakistan,PAK,2011,1131.73513834324,64.659,8.0,0.796
Panama,PAN,2011,9662.29590911979,76.659,42.7,3.922
Peru,PER,2011,5861.35793645245,73.327,36.01,3.477
Philippines,PHL,2011,2383.91892522087,69.096,29.0,3.592
Papua New Guinea,PNG,2011,2288.37591141234,63.382,2.0,2.624
Poland,POL,2011,13867.6669408192,76.6951219512195,61.94999896898,9.576
Puerto Rico (US),PRI,2011,27170.0766543278,78.766,48.0,15.765
Portugal,PRT,2011,23246.5425416481,80.4707317073171,55.2499968797194,12.715
Paraguay,PRY,2011,5805.40154542925,72.787,24.7635158793993,4.67
West Bank and Gaza,PSE,2011,2880.79843707909,73.557,41.08000183,17.597
Qatar,QAT,2011,103261.510293068,79.994,69.0,0.564
Romania,ROU,2011,9560.6755277458,74.409756097561,40.0099967810008,7.177
Russian Federation,RUS,2011,14305.33203125,69.6839024390244,58.0,6.571
Senegal,SEN,2011,1374.67591873844,64.799,9.800000191,2.853
Singapore,SGP,2011,53891.4570264372,81.7439024390244,71.0,3.89
El Salvador,SLV,2011,3330.60049486653,71.192,18.89999962,4.297
San Marino,SMR,2011,55601.3929703047,83.713,49.6,5.057
Serbia,SRB,2011,7082.2861666075,74.5365853658537,42.2,22.959
Suriname,SUR,2011,7949.88867218383,69.82,32.0,7.545
Slovak Republic,SVK,2011,18469.4354316836,75.9585365853659,74.4399971746757,13.634
Slovenia,SVN,2011,24940.6284841605,79.9707317073171,67.3399948092396,8.166
Sweden,SWE,2011,60379.4814599322,81.8024390243903,92.7699860554046,7.804
Seychelles,SYC,2011,12110.0937461973,72.7243902439024,43.16400146,4.114
Syrian Arab Republic,SYR,2011,2952.14349372257,72.259,22.5,14.896
East Asia & Pacific (IDA & IBRD countries),TEA,2011,4970.50535493565,74.0266932049917,32.7,2.87871320424786
Europe & Central Asia (IDA & IBRD countries),TEC,2011,10028.6545563598,71.9266644042886,45.4,8.06289584628456
Togo,TGO,2011,783.988944671672,57.624,3.5,1.982
Thailand,THA,2011,5373.6232832898,75.302,23.669925618731,0.662
Latin America & the Caribbean (IDA & IBRD countries),TLA,2011,10277.6079254264,73.8112572375492,39.7,6.6198169081195
"Middle East, North Africa, Afghanistan & Pakistan (IDA & IBRD)",TMN,2011,3234.88259884042,68.6299635824863,16.7,7.31538509376399
Trinidad and Tobago,TTO,2011,19151.0870229722,72.232,55.2,3.425
Tunisia,TUN,2011,4420.64772206537,74.471,39.1,18.334
Turkiye,TUR,2011,11373.6355760885,74.823,43.065710430925,9.784
Tanzania,TZA,2011,775.392761230469,61.618,3.200000048,3.474
Uganda,UGA,2011,835.620060555838,60.791,4.599999905,0.881
Ukraine,UKR,2011,3656.69799804688,70.711,28.7082628400713,7.856
Upper middle income,UMC,2011,6773.01375512825,74.090553966773,34.5,4.57054578676018
Uruguay,URY,2011,15132.2675725587,76.614,51.4046610563616,6.307
United States,USA,2011,50024.868799398,78.6414634146341,69.7294607619268,8.949
Uzbekistan,UZB,2011,2087.86386135694,70.143,18.6,5.0
"Venezuela, RB",VEN,2011,10843.9229703167,73.09,40.22,6.902
Viet Nam,VNM,2011,1950.92504174913,73.713,35.07,0.999
World,WLD,2011,10485.1771943036,70.9680197134964,30.9,5.39825103138911
Samoa,WSM,2011,3821.50678264479,71.393,11.0,5.677
South Africa,ZAF,2011,8646.05571071635,60.602,33.97,24.639
Zimbabwe,ZWE,2011,1037.77565157218,53.911,8.399999619,5.368
Afghanistan,AFG,2012,651.417134470046,61.735,5.454500198,1.692
Albania,ALB,2012,4280.93316338873,78.084,49.40000153,13.376
Argentina,ARG,2012,12949.717486654,75.802,55.79999924,7.217
Armenia,ARM,2012,3511.56399687426,74.119512195122,37.5,17.511
Australia,AUS,2012,68301.4402512587,82.0463414634146,79.0,5.224
Austria,AUT,2012,48250.4059142637,80.9365853658537,80.0299939169903,4.909
Azerbaijan,AZE,2012,7495.86527658099,71.08,54.20000076,5.19
Belgium,BEL,2012,44874.1709182123,80.3853658536585,80.7199905482042,7.542
Bulgaria,BGR,2012,7431.95789508871,74.3146341463415,51.8999876658503,12.27
Bahrain,BHR,2012,26438.6733230428,79.622,88.0,1.198
"Bahamas, The",BHS,2012,28552.0242683151,73.707,71.74819946,14.7
Bosnia and Herzegovina,BIH,2012,4693.78899115381,77.037,45.0644989,28.01
Belarus,BLR,2012,6953.21591683101,71.9658536585366,46.91,0.614
Belize,BLZ,2012,5732.66519942347,71.134,31.0,14.271
Bermuda,BMU,2012,100213.493385287,79.847,91.2993045243401,8.438
Bolivia,BOL,2012,2575.59857098084,66.586,35.34,2.066
Brazil,BRA,2012,12521.7238454434,74.335,48.56,7.251
Bhutan,BTN,2012,2751.2128864294,69.759,15.60000038,2.054
Canada,CAN,2012,52670.3447335415,81.6636585365854,83.0,7.392
Switzerland,CHE,2012,85836.2076767359,82.6975609756098,85.2,4.491
Chile,CHL,2012,15241.9069981119,79.221,55.04999924,6.79
China,CHN,2012,6405.0574241349,76.2,42.30009842,2.776
Cote d'Ivoire,CIV,2012,1546.9460184731,56.57,4.400000095,7.223
"Congo, Dem. Rep.",COD,2012,409.931424783784,57.35,1.679999948,4.485
"Congo, Rep.",COG,2012,3732.32737320389,62.662,6.106699944,10.0
Colombia,COL,2012,8108.59838244229,75.611,48.98,9.959
Costa Rica,CRI,2012,10126.9991024177,79.925,47.5,9.11
Cuba,CUB,2012,6470.83673392653,78.162,21.20000076,3.498
Cayman Islands,CYM,2012,75101.5906883232,77.121,69.7,6.212
Cyprus,CYP,2012,28991.935546875,81.128,60.6898684001903,12.097
Czechia,CZE,2012,20014.0354015165,78.0756097560976,73.4300078241036,6.979
Germany,DEU,2012,44718.0159214069,80.5390243902439,82.3499984738392,5.372
Denmark,DNK,2012,58443.7747103968,80.0512195121951,92.2600117153012,7.798
Dominican Republic,DOM,2012,6013.81965002603,72.817,42.32,6.722
Algeria,DZA,2012,6033.64884689543,74.609,18.20000076,10.969
East Asia & Pacific (excluding high income),EAP,2012,5434.82527120289,74.2597872053228,35.7,2.82592129344282
East Asia & Pacific,EAS,2012,9507.12974075371,75.1059726864745,40.4,2.96177722663453
Europe & Central Asia (excluding high income),ECA,2012,7093.45607745799,72.6735984954506,39.4,8.49499859789128
Europe & Central Asia,ECS,2012,25164.7626116947,76.6804966674157,63.8,9.05167243034861
Ecuador,ECU,2012,5634.08393191094,75.486,35.1351464545516,3.235
"Egypt, Arab Rep.",EGY,2012,2996.0677072015,69.464,26.4,12.597
Spain,ESP,2012,28456.4438151477,82.4268292682927,69.8099999420024,24.789
Estonia,EST,2012,17568.2137969714,76.3268292682927,78.3899259259259,10.021
Finland,FIN,2012,47551.6740841369,80.6268292682927,89.879997974222,7.689
Fiji,FJI,2012,4341.40338748749,65.812,33.74240112,8.997
France,FRA,2012,40863.5814412333,81.9682926829268,81.44,9.841
Faroe Islands,FRO,2012,50261.9616267693,81.1060951219512,85.3351892392109,3.026
United Kingdom,GBR,2012,42688.3263728372,80.9048780487805,87.4799984242111,8.279
Georgia,GEO,2012,4530.69533409431,72.672,36.93999863,19.653
"Gambia, The",GMB,2012,692.579361628102,61.9,12.44919968,9.268
Greece,GRC,2012,21624.346052551,80.6341463414634,55.0699934418411,24.731
Greenland,GRL,2012,45936.9562817724,69.959512195122,64.8960100995989,9.8
Guatemala,GTM,2012,3286.61959336267,70.722,16.0,2.765
Guam,GUM,2012,31653.7506538168,76.237,61.5341593079002,12.2
High income,HIC,2012,38693.845536167,79.0753405215115,73.7,7.78379592466364
"Hong Kong SAR, China",HKG,2012,36730.796195815,83.450243902439,72.9,3.285
Honduras,HND,2012,2126.03474686503,70.46,18.12,3.755
Croatia,HRV,2012,13507.7805260991,77.1682926829268,61.9399731527956,16.046
Haiti,HTI,2012,1361.39396587374,62.273,9.800000191,14.1
Hungary,HUN,2012,12950.1594488143,75.0634146341463,70.579998153838,11.003
IBRD only,IBD,2012,5617.65268604461,72.1636704451454,31.5,4.42914387849205
IDA & IBRD total,IBT,2012,4531.17008727409,69.5733260531969,25.7,4.39011418603024
Indonesia,IDN,2012,3632.27254030331,68.862,14.52,4.468
India,IND,2012,1429.32199520032,68.076,11.10000038,3.222
Ireland,IRL,2012,49335.8408099555,80.8463414634146,76.919992540097,15.451
"Iran, Islamic Rep.",IRN,2012,8114.08099831877,75.039,22.73,12.275
Iraq,IRQ,2012,6477.59618450955,68.827,7.099999905,7.965
Iceland,ISL,2012,46594.9869146614,82.9170731707317,96.2097995545657,6.0
Israel,ISR,2012,33321.4300881602,81.7048780487805,70.8,6.762
Italy,ITA,2012,34854.3949441965,82.2390243902439,55.829997993283,10.655
Jamaica,JAM,2012,5340.83333232158,72.405,33.79,8.695
Jordan,JOR,2012,4169.50470054618,74.087,37.0,12.2
Japan,JPN,2012,49145.2804308193,83.0960975609756,79.4964,4.358
Kazakhstan,KAZ,2012,12018.7966527993,69.939,61.9066274652008,5.286
Kyrgyz Republic,KGZ,2012,1168.62244675446,70.0024390243902,19.79999924,5.908
Cambodia,KHM,2012,1192.80263041673,68.371,4.94,1.279
"Korea, Rep.",KOR,2012,26600.5477433903,80.819512195122,84.07,2.812
Latin America & Caribbean (excluding high income),LAC,2012,9823.2489447351,73.9499064237775,42.1,6.34609227987124
Libya,LBY,2012,14975.8902795144,72.188,15.19999981,19.0
St. Lucia,LCA,2012,9260.30006551714,72.86,45.865,19.062
Latin America & Caribbean,LCN,2012,10330.3504679629,74.1643943654901,43.0,6.41333589458903
Liechtenstein,LIE,2012,148842.035144342,82.3829268292683,89.40769958,3.242
Sri Lanka,LKA,2012,3327.77613691283,75.187,9.00039959,3.974
Lower middle income,LMC,2012,1701.13738449151,66.3602661185581,13.6,3.88965467150787
Lithuania,LTU,2012,14288.1853493139,73.8634146341464,67.2299893276414,13.365
Luxembourg,LUX,2012,112584.676270958,81.3926829268293,91.9499237417387,5.03
Latvia,LVA,2012,13329.3499931271,73.7780487804878,73.1199437663748,15.047
"Macao SAR, China",MAC,2012,76058.0224963659,82.4707317073171,61.31,2.0
Morocco,MAR,2012,3164.17724609375,71.674,55.4160531914894,8.99
Moldova,MDA,2012,3044.8084324815,70.344,34.65000153,2.189
Madagascar,MDG,2012,493.511162904211,63.007,2.299999952,0.599
"Middle East, North Africa, Afghanistan & Pakistan",MEA,2012,6048.09249990772,69.4551250054338,22.4,7.99955816528937
Mexico,MEX,2012,10744.1335242686,74.128,39.75,4.892
North Macedonia,MKD,2012,5049.8265386157,74.9024390243903,57.449947312961,31.096
Malta,MLT,2012,22878.3130866521,80.7463414634146,68.1998742928975,6.203
"Middle East, North Africa, Afghanistan & Pakistan (excluding high income)",MNA,2012,3412.57302470262,68.6913310388784,18.7,8.26521678930651
Montenegro,MNE,2012,6552.48071710904,76.3,56.8387825490631,19.808
Mongolia,MNG,2012,4328.89001905655,69.500243902439,16.4,3.905
Mauritania,MRT,2012,1859.11733247641,65.808,5.0,9.864
Mauritius,MUS,2012,9421.52514098225,73.8634146341464,35.42,7.472
Malaysia,MYS,2012,10600.5744240026,75.552,65.8,3.035
North America,NAC,2012,51812.8921210048,79.0322253270364,75.5,7.99588953313322
Namibia,NAM,2012,5942.64680978673,57.733,12.94139957,16.771
Niger,NER,2012,528.510104469655,57.987,1.049999952,2.177
Nicaragua,NIC,2012,1784.69836017555,72.435,13.5,5.208
Netherlands,NLD,2012,50473.9442002689,81.1048780487805,92.859992359525,5.821
Norway,NOR,2012,102175.919298374,81.4512195121951,94.6499780533304,3.129
New Zealand,NZL,2012,40053.6991536369,81.4073170731707,81.644470179502,6.491
Pakistan,PAK,2012,1204.36475491585,64.883,8.100000381,3.667
Panama,PAN,2012,11064.8063662003,76.877,40.3018952210488,3.714
Peru,PER,2012,6519.37852981527,73.979,38.2,3.238
Philippines,PHL,2012,2614.61644401308,69.237,30.79999924,3.504
Poland,POL,2012,13087.420943321,76.7463414634146,62.3099972714691,10.031
Puerto Rico (US),PRI,2012,27742.024476618,79.258,68.9999826014151,14.498
Portugal,PRT,2012,20593.4274224109,80.3731707317073,60.3399974868057,15.509
Paraguay,PRY,2012,5642.16991672846,73.105,29.34,4.085
West Bank and Gaza,PSE,2012,3067.43872735614,73.722,43.4,19.202
French Polynesia,PYF,2012,20846.5457478364,81.695,52.8766305867993,21.787
Qatar,QAT,2012,108470.387023229,80.499,69.3,0.481
Romania,ROU,2012,8929.95366231474,74.4121951219512,45.8799942529424,6.794
Russian Federation,RUS,2012,15401.8515625,70.0721951219512,66.0,5.484
Rwanda,RWA,2012,706.817269168561,64.189,8.023900032,3.438
South Asia,SAS,2012,1387.18205956625,68.2629615309516,10.4,3.23411911290534
Saudi Arabia,SAU,2012,28733.4375513452,76.09,54.0,5.622
Singapore,SGP,2012,55547.5553077786,81.9951219512195,72.0,3.718
El Salvador,SLV,2012,3497.91256915509,71.42,20.3213877242007,3.843
Serbia,SRB,2012,6263.04086072815,74.8365853658537,48.09999847,24.0
Sao Tome and Principe,STP,2012,1192.0202911189,64.505,21.57239914,13.594
Suriname,SUR,2012,8851.24050668908,69.957,34.68119812,8.1
Slovak Republic,SVK,2012,17516.9691054078,76.109756097561,76.7099901181121,13.966
Slovenia,SVN,2012,22442.1417859955,80.1243902439024,68.3499745287825,8.841
Sweden,SWE,2012,57749.5615420853,81.7048780487805,93.1799880065108,7.976
East Asia & Pacific (IDA & IBRD countries),TEA,2012,5497.15517271917,74.2971126258118,36.1,2.82592129344282
Europe & Central Asia (IDA & IBRD countries),TEC,2012,10418.3484935481,72.3336150257883,50.7,7.56732793760087
Thailand,THA,2012,5725.52802835463,75.59,26.46,0.579
Latin America & the Caribbean (IDA & IBRD countries),TLA,2012,10263.4820243547,74.0531427389642,43.4,6.42647242750485
"Middle East, North Africa, Afghanistan & Pakistan (IDA & IBRD)",TMN,2012,3414.87165876956,68.6578262057094,18.6,8.20117199025611
South Asia (IDA & IBRD),TSA,2012,1387.18205956625,68.2629615309516,10.4,3.23411911290534
Trinidad and Tobago,TTO,2012,20332.1389531925,72.513,57.5,3.718
Tunisia,TUN,2012,4297.26782454273,74.599,41.4416008,17.63
Turkiye,TUR,2012,11776.7593362033,75.552,45.13,9.21
Tanzania,TZA,2012,861.969909667969,62.286,3.950000048,1.437
Uganda,UGA,2012,795.222867553127,61.579,4.800000191,3.551
Ukraine,UKR,2012,3951.34228515625,71.09,35.27,7.529
Upper middle income,UMC,2012,7166.76033698733,74.4121948857386,38.3,4.5143165006742
Uruguay,URY,2012,16259.5940814256,76.691,54.453768680746,6.451
United States,USA,2012,51708.4011556577,78.7414634146342,74.7,8.069
Uzbekistan,UZB,2012,2307.34649117185,70.411,23.60000038,4.9
"Venezuela, RB",VEN,2012,12607.2361246243,73.086,49.0500830729861,6.601
Viet Nam,VNM,2012,2185.11767654291,73.762,36.79999924,1.027
World,WLD,2012,10583.9966715989,71.2637251826139,33.3,5.08105929819402
Samoa,WSM,2012,3934.60320799981,71.159,12.92249966,8.752
South Africa,ZAF,2012,8076.97678479741,61.737,41.0,24.727
Zambia,ZMB,2012,1710.05061343728,58.704,4.099999905,7.855
Zimbabwe,ZWE,2012,1239.22709745709,55.386,12.0,11.069
Albania,ALB,2013,4542.92903556739,77.995,51.79999924,15.866
Argentina,ARG,2013,12963.675773326,75.829,59.90000153,7.1
Armenia,ARM,2013,3680.16692158886,74.6219512195122,41.9,16.576
Australia,AUS,2013,68476.6788496118,82.1487804878049,83.453497167,5.662
Austria,AUT,2013,50305.3545774973,81.1365853658537,80.6188,5.367
Azerbaijan,AZE,2013,7875.34536661549,71.485,73.000001372,4.97
Belgium,BEL,2013,46964.5946777056,80.5878048780488,82.1702,8.425
Benin,BEN,2013,1168.92699279226,58.863,4.900000095,2.198
Bangladesh,BGD,2013,958.262989798283,69.487,6.63,4.426
Bulgaria,BGR,2013,7795.98092108928,74.8609756097561,53.0615,12.941
"Bahamas, The",BHS,2013,27642.7419759179,73.93,72.0,16.184
Bosnia and Herzegovina,BIH,2013,5034.56634817068,77.129,48.52130127,27.49
Belarus,BLR,2013,7998.0802045456,72.4707317073171,54.17,0.508
Belize,BLZ,2013,5957.34953619006,71.276,33.59999847,8.349
Bermuda,BMU,2013,101704.40746217,80.016,95.3,6.663
Bolivia,BOL,2013,2870.02377000756,66.777,36.99,2.437
Brazil,BRA,2013,12458.8903396625,74.609,51.04,7.071
Barbados,BRB,2013,20410.2065438568,75.816,71.80000305,11.546
Bhutan,BTN,2013,2679.95217201538,70.161,22.39999962,2.9
Botswana,BWA,2013,6666.91219583487,61.217,30.0,19.997
Canada,CAN,2013,52638.1187235237,81.7448780487805,85.80000305,7.143
Switzerland,CHE,2013,87304.3305813557,82.7975609756098,86.34,4.747
Chile,CHL,2013,15683.5486369155,79.551,58.0,6.361
China,CHN,2013,7147.03518622344,76.452,45.79999924,2.929
Cote d'Ivoire,CIV,2013,1786.15862031324,57.057,6.599999905,4.255
Colombia,COL,2013,8279.10255642981,75.834,51.7,9.246
Costa Rica,CRI,2013,10803.2401962173,80.189,45.96,8.218
Cuba,CUB,2013,6828.36428245396,78.028,27.93,3.288
Cayman Islands,CYM,2013,75113.7342282813,77.652,71.4,6.273
Cyprus,CYP,2013,27764.73046875,81.317,65.4548,16.131
Czechia,CZE,2013,20260.4954999375,78.1756097560976,74.1104,6.953
Germany,DEU,2013,47206.8353514242,80.490243902439,84.17,5.316
Denmark,DNK,2013,61377.5940590412,80.3,94.6297,7.384
Dominican Republic,DOM,2013,6136.59429329301,73.038,45.9,7.351
Algeria,DZA,2013,5979.60138960585,74.809,22.5,9.829
East Asia & Pacific (excluding high income),EAP,2013,5952.7689297214,74.4859323786011,38.2,2.92113203714442
East Asia & Pacific,EAS,2013,9553.8618750751,75.3347729864006,43.2,3.03669561614621
Europe & Central Asia (excluding high income),ECA,2013,7667.03397664675,73.1258294397593,43.2,8.44440784892705
Europe & Central Asia,ECS,2013,26196.108944305,77.0324394716909,66.1,9.24763016458142
Ecuador,ECU,2013,6109.29031510341,75.832,40.279121941,2.913
"Egypt, Arab Rep.",EGY,2013,3025.52563552448,69.632,29.4,13.154
Spain,ESP,2013,29228.846559842,83.0780487804878,71.635,26.094
Estonia,EST,2013,19310.3874900757,77.1414634146341,80.0043,8.631
Ethiopia,ETH,2013,484.039833104062,62.161,4.599999905,2.251
Finland,FIN,2013,49691.0145200739,80.9756097560976,91.5144,8.193
Fiji,FJI,2013,4572.44377544245,66.545,35.20000076,8.957
France,FRA,2013,42669.1795111893,82.219512195122,81.9198,9.913
Faroe Islands,FRO,2013,55758.2083680611,81.356643902439,90.0,4.034
United Kingdom,GBR,2013,43606.9837896348,81.0048780487805,89.8441,7.752
Georgia,GEO,2013,4712.00229382665,73.025,43.3,19.416
Ghana,GHA,2013,2294.79584693743,62.397,15.0,2.173
Greece,GRC,2013,21573.3449762805,81.2853658536585,59.8663,27.686
Grenada,GRD,2013,7424.80212287327,75.022,35.0,24.2
Greenland,GRL,2013,47535.4883792376,70.2917073170732,65.8,10.1
Guatemala,GTM,2013,3444.15802275864,70.878,19.70000076,3.017
Guam,GUM,2013,32530.7593121483,76.361,65.4,11.5
High income,HIC,2013,39008.3249033591,79.312702430416,75.1,7.70679792758688
"Hong Kong SAR, China",HKG,2013,38403.7777145477,83.8312195121951,74.2,3.4
Honduras,HND,2013,2081.12843527945,70.765,17.8,5.646
Croatia,HRV,2013,14134.9474982889,77.5707317073171,66.7476,17.231
Hungary,HUN,2013,13739.4620151401,75.5658536585366,72.6439,10.177
IBRD only,IBD,2013,5845.60507389183,72.4633474422255,34.0,4.78556832457412
IDA & IBRD total,IBT,2013,4714.62155942195,69.8686609438935,27.8,4.54169594492611
IDA blend,IDB,2013,1968.08172455739,59.8685731055257,13.9,3.55983049253162
Indonesia,IDN,2013,3566.60284506078,69.064,14.94,4.336
Ireland,IRL,2013,52537.6108648692,80.9487804878049,78.2477,13.735
"Iran, Islamic Rep.",IRN,2013,6222.74194840326,75.349,29.95,10.595
Iceland,ISL,2013,50173.3360061057,82.0609756097561,96.5468,5.376
Israel,ISR,2013,37034.3161080785,82.0560975609756,70.250311945,6.137
Italy,ITA,2013,35701.6746002376,82.690243902439,58.4593,12.149
Jamaica,JAM,2013,5124.21301411137,72.435,37.1,9.698
Jordan,JOR,2013,4311.21916713038,74.282,41.4,12.6
Japan,JPN,2013,40898.6478964744,83.3319512195122,88.219428911,4.038
Kazakhstan,KAZ,2013,13478.459627612,70.719,63.30422443,5.205
Kyrgyz Republic,KGZ,2013,1269.66303464348,70.2024390243902,23.0,5.526
Cambodia,KHM,2013,1305.6600972686,68.755,6.0,0.438
"Korea, Rep.",KOR,2013,28449.3591104972,81.2707317073171,84.77,3.067
Latin America & Caribbean (excluding high income),LAC,2013,9971.16927211711,74.169347496487,45.1,6.1357261698467
St. Lucia,LCA,2013,9577.21733754358,72.687,49.3871994,22.209
Latin America & Caribbean,LCN,2013,10306.1195798787,74.3809772735109,46.1,6.18540843745363
Liechtenstein,LIE,2013,172823.607794648,82.2609756097561,93.80000305,3.464
Sri Lanka,LKA,2013,3739.43181100202,75.546,10.04440022,4.186
Lesotho,LSO,2013,1151.03735837227,49.547,15.0,24.582
Lithuania,LTU,2013,15636.5252586048,73.9146341463415,68.4529,11.77
Luxembourg,LUX,2013,120000.140729859,81.8,93.7765,6.045
Latvia,LVA,2013,14484.4715282132,73.9829268292683,75.2344,11.867
"Macao SAR, China",MAC,2013,87107.8313063626,82.7219512195122,65.8,1.8
Morocco,MAR,2013,3379.7431640625,72.117,56.0,9.233
Moldova,MDA,2013,3321.04397795719,70.291,37.43999863,1.894
"Middle East, North Africa, Afghanistan & Pakistan",MEA,2013,5866.59647635813,69.708340253746,25.2,7.59383663207344
Mexico,MEX,2013,11216.8008505428,74.289,43.46,4.921
North Macedonia,MKD,2013,5626.26115664893,75.4,65.24,29.017
Mali,MLI,2013,901.920957644831,57.052,3.5,6.351
Malta,MLT,2013,25415.5566867731,81.7463414634146,68.9138,6.115
"Middle East, North Africa, Afghanistan & Pakistan (excluding high income)",MNA,2013,3148.36412420635,68.9136300385634,21.3,7.85239309794955
Montenegro,MNE,2013,7102.77882895852,76.490243902439,60.31,19.585
Mongolia,MNG,2013,4340.14310544449,70.0980487804878,17.699984237,4.231
Mauritius,MUS,2013,9877.13865958834,74.0170731707317,40.116825135,7.322
Malawi,MWI,2013,496.947368267313,60.816,5.050000191,4.978
Malaysia,MYS,2013,10713.6407638899,75.464,57.05751226,3.113
North America,NAC,2013,53133.8537338421,79.0411295925554,72.8,7.34976348971497
Namibia,NAM,2013,5346.62131149967,58.468,13.89999962,19.028
Nigeria,NGA,2013,2872.79083379398,51.827,19.10000038,3.711
Nicaragua,NIC,2013,1835.43996363715,72.551,15.5,5.276
Netherlands,NLD,2013,52602.2860520766,81.3048780487805,93.9564,7.241
Norway,NOR,2013,103553.840134417,81.7512195121951,95.0534,3.425
New Zealand,NZL,2013,43000.4646849189,81.4048780487805,82.77999878,5.84
Pakistan,PAK,2013,1225.4340119198,65.129,9.0,2.954
Panama,PAN,2013,12273.3224983788,77.129,44.03,3.732
Peru,PER,2013,6746.80025696601,74.591,39.2,3.575
Philippines,PHL,2013,2781.27957677397,69.283,32.70000076,3.497
Poland,POL,2013,13621.9023794031,77.0,62.8492,10.293
Puerto Rico (US),PRI,2013,28212.0499737431,80.318,68.999990004,14.3
Portugal,PRT,2013,21676.4859642714,80.7219512195122,62.0956,16.237
Paraguay,PRY,2013,6435.68342733004,73.292,36.9,4.385
West Bank and Gaza,PSE,2013,3315.29753909282,74.14,46.59999847,19.894
Qatar,QAT,2013,103697.062789144,80.974,85.3,0.267
Romania,ROU,2013,9497.67411615237,75.0634146341463,49.7645,7.096
Russian Federation,RUS,2013,15941.4482421875,70.5787804878049,67.97,5.513
Saudi Arabia,SAU,2013,27865.465604962,76.517,60.5,5.6
Singapore,SGP,2013,56967.4257940383,82.2463414634147,80.90209961,3.862
Solomon Islands,SLB,2013,2161.38627543917,69.007,8.0,0.694
El Salvador,SLV,2013,3582.26694005169,71.225,23.1093,3.693
Serbia,SRB,2013,7040.41812068781,75.1853658536585,53.450364175,22.154
Suriname,SUR,2013,9043.19281529222,70.11,37.40000153,6.602
Slovak Republic,SVK,2013,18312.7805149823,76.4121951219512,77.8826,14.226
Slovenia,SVN,2013,23236.9655321695,80.3219512195122,72.6756,10.103
Sweden,SWE,2013,60843.9888799369,81.9560975609756,94.7836,8.052
East Asia & Pacific (IDA & IBRD countries),TEA,2013,6020.72398510662,74.5190033698096,38.7,2.92113203714442
Europe & Central Asia (IDA & IBRD countries),TEC,2013,10965.2487116486,72.7942035795041,53.5,7.61725466270157
Thailand,THA,2013,6018.08244729255,75.96,28.94,0.249
Latin America & the Caribbean (IDA & IBRD countries),TLA,2013,10231.0823830522,74.2726524054357,46.4,6.19810349975484
Timor-Leste,TLS,2013,1204.56843320518,64.719,11.0,4.05
"Middle East, North Africa, Afghanistan & Pakistan (IDA & IBRD)",TMN,2013,3147.24679176234,68.8786484698568,21.1,7.77219776031806
Trinidad and Tobago,TTO,2013,21304.9777496628,72.785,59.90000153,2.683
Tunisia,TUN,2013,4369.79345826358,74.674,43.79999924,15.934
Turkiye,TUR,2013,12635.5570016068,76.171,46.25,9.717
Tanzania,TZA,2013,963.05712890625,62.788,4.400000095,2.935
Uganda,UGA,2013,818.285427416713,62.353,5.099999905,1.914
Ukraine,UKR,2013,4129.89697265625,71.474,40.954128997,7.17
Upper middle income,UMC,2013,7553.62352185493,74.6707615928737,41.4,4.49995222457022
Uruguay,URY,2013,18335.2594772322,76.953,57.69,6.444
United States,USA,2013,53179.0127634561,78.7414634146342,71.4,7.375
Uzbekistan,UZB,2013,2461.97947403595,70.692,26.79999924,4.9
Viet Nam,VNM,2013,2359.51736472828,73.821,38.5,1.316
World,WLD,2013,10739.8911620948,71.5326075432729,35.3,5.27293799953529
South Africa,ZAF,2013,7331.65467384919,62.388,46.5,24.561
Afghanistan,AFG,2014,625.054941813938,62.26,7.0,7.915
Africa Western and Central,AFW,2014,2221.35033761012,55.6956299417246,15.0,4.44593504759302
Angola,AGO,2014,5649.68762469139,60.396,21.3623407584103,9.579
Albania,ALB,2014,4793.59751131525,78.029,54.29999924,18.055
Argentina,ARG,2014,12233.1444119186,76.268,64.69999695,7.268
Armenia,ARM,2014,3852.11800610384,74.8731707317073,54.6228058583362,17.498
Australia,AUS,2014,62817.2061751737,82.3,84.0,6.077
Austria,AUT,2014,51314.9722616322,81.490243902439,80.9958249574764,5.674
Azerbaijan,AZE,2014,7890.84028062087,71.93,75.0000156363396,4.91
Burundi,BDI,2014,250.544492155185,59.764,1.04239212643994,1.572
Belgium,BEL,2014,47995.7786961339,81.2878048780488,85.0012379539925,8.523
Burkina Faso,BFA,2014,764.861675106225,58.331,6.0,6.481
Bulgaria,BGR,2014,8069.60005667684,74.4658536585366,55.4903766299262,11.424
"Bahamas, The",BHS,2014,29137.2175632622,74.029,76.91999817,13.8
Bosnia and Herzegovina,BIH,2014,5206.06573475132,77.089,49.91770172,27.517
Belarus,BLR,2014,8341.31809294883,72.9707317073171,59.0163187101542,0.488
Belize,BLZ,2014,6128.12053089077,71.437,38.70000076,8.244
Bermuda,BMU,2014,100961.576602811,80.199,96.8,9.0
Bolivia,BOL,2014,3041.43503162408,66.97,34.6016202324676,2.021
Brazil,BRA,2014,12274.9941630213,74.823,54.5510018796392,6.755
Barbados,BRB,2014,20192.7084081797,75.926,71.92459869,12.3
Brunei Darussalam,BRN,2014,41026.5084247957,74.862,68.76999664,6.862
Bhutan,BTN,2014,2849.49998647303,70.504,30.29999924,2.63
Canada,CAN,2014,50960.8431174661,81.7843902439025,87.12000275,7.023
Switzerland,CHE,2014,88724.9909402638,83.1975609756098,83.6172512621702,4.826
Chile,CHL,2014,14529.6767206336,79.714,61.11000061,6.761
China,CHN,2014,7781.06597484974,76.714,47.90000153,3.058
Cameroon,CMR,2014,1649.4433905949,59.13,16.2148722257524,3.534
Colombia,COL,2014,8187.20824890084,75.95,52.568136539247,8.799
Comoros,COM,2014,1615.71723662012,64.143,6.980000019,8.142
Costa Rica,CRI,2014,10911.497878334,80.231,53.0,8.499
Cuba,CUB,2014,7146.70459051328,77.825,29.0701843656523,2.7
Cayman Islands,CYM,2014,75845.3055572577,77.865,74.1,4.697
Cyprus,CYP,2014,26993.103515625,81.337,69.3286967086473,16.277
Czechia,CZE,2014,20038.4163180257,78.8243902439024,74.2317116367383,6.108
Germany,DEU,2014,48959.5991203133,81.090243902439,86.1937006578756,4.979
Denmark,DNK,2014,62520.4509747011,80.7,95.9935053764454,6.925
Dominican Republic,DOM,2014,6496.45166971142,73.145,49.58000183,6.719
Algeria,DZA,2014,6094.69392314956,74.992,29.5,10.602
East Asia & Pacific (excluding high income),EAP,2014,6373.64846984799,74.7194528121745,40.6,3.01406713518066
East Asia & Pacific,EAS,2014,9793.53363771993,75.5644270391791,45.5,3.09634560420332
Europe & Central Asia (excluding high income),ECA,2014,7290.90050313923,73.4195161256746,48.6,9.23895808103802
Europe & Central Asia,ECS,2014,26473.6213384574,77.353578845956,68.9,9.00362328077846
Ecuador,ECU,2014,6405.79979300441,76.141,45.5903906666095,3.279
"Egypt, Arab Rep.",EGY,2014,3133.39102265541,69.911,33.8946039115275,13.105
Spain,ESP,2014,29707.765509467,83.2292682926829,76.1867089778712,24.441
Estonia,EST,2014,20581.7898991695,77.0341463414634,84.2415280294352,7.352
Finland,FIN,2014,50073.7760815871,81.1804878048781,86.5303927529377,8.663
Fiji,FJI,2014,5293.35676680464,66.581,37.40000153,6.165
France,FRA,2014,43148.0459288416,82.719512195122,83.7510996681821,10.273
"Micronesia, Fed. Sts.",FSM,2014,2896.73082002714,65.294,29.64999962,8.863
United Kingdom,GBR,2014,47746.2421759562,81.3048780487805,91.6133009176453,6.398
Georgia,GEO,2014,4830.33486170249,73.105,49.1024547144647,17.439
Guinea,GIN,2014,765.146999389279,57.581,6.400000095,5.044
Greece,GRC,2014,21474.7257123892,81.3853658536585,63.2073404784561,26.708
Grenada,GRD,2014,7986.33421210788,75.045,51.6,24.5
Greenland,GRL,2014,50485.2244135291,70.5082926829268,66.7,10.3
Guatemala,GTM,2014,3689.14510410202,70.942,23.39999962,2.717
Guam,GUM,2014,33900.1486530583,76.423,69.27,7.6
High income,HIC,2014,39447.7093246608,79.5653533601911,77.0,7.09226418335045
"Hong Kong SAR, China",HKG,2014,40315.3739510191,83.9356097560976,79.8662704309064,3.296
Honduras,HND,2014,2179.88171977271,71.032,23.0,7.078
Croatia,HRV,2014,14186.7295493276,77.7243902439024,68.5678992528467,17.209
Hungary,HUN,2014,14352.501883174,75.7634146341463,75.6531974544103,7.725
IBRD only,IBD,2014,5949.31912012409,72.7509651570745,36.4,4.86846343172798
IDA blend,IDB,2014,2095.07253994271,60.0998681978251,16.1,3.53305873739345
Indonesia,IDN,2014,3441.06808464008,69.292,17.1431598350566,4.049
Ireland,IRL,2014,57214.5379785709,81.3487804878049,83.4917223351728,11.858
"Iran, Islamic Rep.",IRN,2014,5672.06372896319,75.635,39.353614505223,10.68
Iraq,IRQ,2014,6249.39226978969,69.679,11.6453267304545,10.592
Iceland,ISL,2014,55140.364935793,82.8609756097561,98.1580233097118,4.897
Israel,ISR,2014,38343.3046626235,82.1536585365854,75.0177531628076,5.789
Italy,ITA,2014,36028.3494022349,83.090243902439,55.6384602242293,12.683
Jamaica,JAM,2014,4975.11325459872,72.357,40.4027351046672,9.046
Jordan,JOR,2014,4191.18050084986,74.606,46.2,11.9
Japan,JPN,2014,38475.3952461838,83.5878048780488,89.1068330166075,3.589
Kyrgyz Republic,KGZ,2014,1264.52668823891,70.4024390243902,28.29999924,5.051
Cambodia,KHM,2014,1431.56396469993,69.117,14.0,0.692
"Korea, Rep.",KOR,2014,30667.0912467447,81.7219512195122,87.5568264944747,3.082
Kuwait,KWT,2014,44368.7813457751,79.0803414634146,78.69999695,2.9
Latin America & Caribbean (excluding high income),LAC,2014,9905.72193520855,74.3770523065952,47.7,5.92404533629871
Liberia,LBR,2014,706.714490064507,59.21,5.409999847,2.079
Latin America & Caribbean,LCN,2014,10145.7982098874,74.5608348669826,48.7,6.00323750146989
Liechtenstein,LIE,2014,178735.153020908,82.0731707317073,95.20999908,3.829
Sri Lanka,LKA,2014,3972.04375736464,75.757,10.5000026214106,4.157
Lithuania,LTU,2014,16446.1647181663,74.5170731707317,72.1335378644566,10.698
Luxembourg,LUX,2014,123678.702143275,82.2292682926829,94.6702052774766,6.044
Latvia,LVA,2014,15185.814581236,74.1243902439024,75.8261041383556,10.846
"Macao SAR, China",MAC,2014,88355.3181764446,83.0219512195122,69.7809492200465,1.7
Morocco,MAR,2014,3435.40698242188,72.522,56.7746379160074,9.7
Moldova,MDA,2014,3289.95758568777,70.241,66.9999982002077,1.45
Maldives,MDV,2014,8939.07416571472,78.187,49.27999878,3.846
"Middle East, North Africa, Afghanistan & Pakistan",MEA,2014,5810.23874019206,69.9897867130321,28.7,7.55932636538062
Mexico,MEX,2014,11391.3773497683,74.404,44.3856962723411,4.819
North Macedonia,MKD,2014,5925.38592218015,75.4512195121951,68.0584815397496,28.215
Mali,MLI,2014,947.915033288325,57.482,7.0,6.375
Malta,MLT,2014,27424.5765646694,81.8951219512195,73.1141157845193,5.737
Myanmar,MMR,2014,1293.00042319714,64.994,7.400000095,3.868
"Middle East, North Africa, Afghanistan & Pakistan (excluding high income)",MNA,2014,3073.79994256301,69.1715558421355,24.7,7.83605133613722
Montenegro,MNE,2014,7342.17339453427,76.3390243902439,63.8868840056697,18.054
Mongolia,MNG,2014,4126.23975800524,70.5831707317073,19.9424474349209,4.798
Mauritius,MUS,2014,10490.3315563853,74.1943902439024,44.8032753683379,7.467
Malaysia,MYS,2014,11013.3107334403,75.345,63.6654258813225,2.883
North America,NAC,2014,54580.8673039295,79.135655352291,74.4,6.26083245211775
Namibia,NAM,2014,5378.32326241205,59.311,14.84000015,18.521
New Caledonia,NCL,2014,37816.9558599295,77.053,70.0,14.591
Niger,NER,2014,565.30989731175,58.693,1.24867568902241,0.524
Nigeria,NGA,2014,3088.72131316169,51.94,21.0,4.562
Nicaragua,NIC,2014,1958.37047579547,72.792,17.60000038,4.52
Netherlands,NLD,2014,53457.2234864322,81.7073170731707,91.6666666666667,7.419
Norway,NOR,2014,97666.6951838749,82.1,96.3005098242892,3.486
New Zealand,NZL,2014,44618.266973847,81.4568292682927,84.0,5.431
Pakistan,PAK,2014,1266.61340849959,65.374,10.0,1.827
Panama,PAN,2014,13213.1989591137,77.365,44.9238152577893,4.444
Peru,PER,2014,6667.13410360861,75.26,40.2446560091704,3.208
Philippines,PHL,2014,2866.83803761407,69.311,34.70000076,3.6
Poland,POL,2014,14262.2841914116,77.6024390243903,66.5987360557248,8.971
Puerto Rico (US),PRI,2014,28576.0988023209,80.039,76.1338597201667,13.9
Portugal,PRT,2014,22120.6850127107,81.1219512195122,64.5924200648949,13.88
Paraguay,PRY,2014,6652.25478942461,73.415,43.0073750122614,5.034
West Bank and Gaza,PSE,2014,3352.11259506043,72.781,53.6651997924171,20.526
Qatar,QAT,2014,95840.6898934238,81.395,91.48999786,0.193
Romania,ROU,2014,10031.7710755404,74.909756097561,54.0783206550943,6.802
Russian Federation,RUS,2014,14055.47265625,70.7436585365854,70.5175682574413,5.212
Rwanda,RWA,2014,724.957526520906,65.088,10.60000038,1.169
Saudi Arabia,SAU,2014,27805.4850319422,77.116,64.713657369019,5.877
Singapore,SGP,2014,57564.8023114977,82.4951219512195,79.0292358633435,3.743
Sierra Leone,SLE,2014,1117.7586465721,54.281,6.057300091,4.678
El Salvador,SLV,2014,3666.01248913873,71.144,24.7617121459061,4.154
Serbia,SRB,2014,6886.67809068704,75.3365853658537,62.0750804639377,19.223
Suriname,SUR,2014,9108.18905406764,70.33,40.08000183,6.945
Slovak Republic,SVK,2014,18770.9289896545,76.8121951219512,79.9843017656729,11.536
Slovenia,SVN,2014,24013.0682060959,81.0780487804878,71.5862515855601,9.668
Sweden,SWE,2014,59583.4584491714,82.2536585365854,92.5236065037579,7.954
Seychelles,SYC,2014,15188.1902175113,73.2292682926829,51.25469971,3.841
East Asia & Pacific (IDA & IBRD countries),TEA,2014,6446.1361235924,74.7479822020749,41.1,3.01406713518066
Europe & Central Asia (IDA & IBRD countries),TEC,2014,10307.2242685414,73.0389491798356,57.7,7.66315926480364
Thailand,THA,2014,5801.1978916205,76.279,34.8860535783465,0.576
Latin America & the Caribbean (IDA & IBRD countries),TLA,2014,10058.6664815872,74.4642031483392,49.0,6.02787841624279
"Middle East, North Africa, Afghanistan & Pakistan (IDA & IBRD)",TMN,2014,3071.92771988993,69.147274936726,24.5,7.7610154906283
Trinidad and Tobago,TTO,2014,21908.3014555644,72.898,62.40000153,2.477
Tunisia,TUN,2014,4458.97895464547,74.784,46.15999985,14.259
Turkiye,TUR,2014,12209.3862327674,76.452,51.0373665521645,9.912
Tanzania,TZA,2014,1022.74841308594,63.364,7.0,2.125
Uganda,UGA,2014,896.054795546394,63.057,5.400000095,1.566
Ukraine,UKR,2014,3054.908203125,71.803,46.2359754571651,9.27
Upper middle income,UMC,2014,7778.57802636616,74.9249839632063,44.3,4.59525610563287
Uruguay,URY,2014,18322.4276767157,77.194,61.4624951684405,6.547
United States,USA,2014,54973.4207515712,78.8414634146341,73.0,6.168
Uzbekistan,UZB,2014,2674.9628382103,70.973,35.5,5.1
Viet Nam,VNM,2014,2546.38464459903,73.886,41.0,1.256
World,WLD,2014,10885.7966024868,71.775442613023,37.4,5.24668948796335
Samoa,WSM,2014,3982.68080202084,71.142,21.20000076,8.723
"Yemen, Rep.",YEM,2014,1430.16420964026,68.003,22.54999924,13.467
South Africa,ZAF,2014,6856.73137092522,63.184,49.0,24.89
Zimbabwe,ZWE,2014,1372.91526173161,58.106,16.3647399572904,4.774
Albania,ALB,2015,4199.53912925398,78.358,56.90000153,17.193
Armenia,ARM,2015,3512.39350276709,74.8707317073171,59.1008337674937,18.261
Australia,AUS,2015,56970.3613028094,82.4,84.5605149091408,6.054
Austria,AUT,2015,43915.228020857,81.190243902439,83.9401419315026,5.802
Azerbaijan,AZE,2015,5500.50364628486,72.349,77.0,4.96
Belgium,BEL,2015,40893.804537772,80.9926829268293,85.0529417508701,8.482
Bulgaria,BGR,2015,7268.65445473873,74.6146341463415,56.6562516053086,9.143
Bahrain,BHR,2015,23734.0551143019,80.338,93.4783007986129,0.894
"Bahamas, The",BHS,2015,30719.405417469,73.805,78.0,12.0
Bosnia and Herzegovina,BIH,2015,4662.25869219448,77.073,52.59999847,27.695
Belarus,BLR,2015,5967.05595058777,73.6243902439025,62.230360906803,0.91
Belize,BLZ,2015,6154.62264230369,71.647,41.59000015,7.578
Bolivia,BOL,2015,2996.01289811344,67.205,37.4868176324391,3.111
Brazil,BRA,2015,8936.1955889444,75.106,58.3279517340924,8.538
Barbados,BRB,2015,20424.2087530019,76.055,72.04940033,9.803
Bhutan,BTN,2015,2954.04081911097,70.797,39.79999924,2.45
Canada,CAN,2015,43594.1941045394,81.8258536585366,90.0,6.945
Switzerland,CHE,2015,83806.4476003837,82.8975609756098,87.4790555978675,4.801
Chile,CHL,2015,13433.9202987032,80.008,76.6295919508796,6.605
China,CHN,2015,8175.33285077393,76.975,50.29999924,3.296
Colombia,COL,2015,6248.51490534512,76.067,55.9049725142924,8.572
Cabo Verde,CPV,2015,3415.06266730931,74.096,42.6830141582781,31.313
Costa Rica,CRI,2015,11714.7105980732,80.407,59.7629501371681,8.415
Cuba,CUB,2015,7727.91997207998,77.745,37.3050974155373,2.4
Cayman Islands,CYM,2015,76379.2098777987,78.119,77.0,4.2
Cyprus,CYP,2015,23088.44140625,81.464,71.7157409175171,15.026
Czechia,CZE,2015,17931.5987670768,78.5780487804878,75.668838699279,5.048
Germany,DEU,2015,41929.7549110722,80.6414634146341,87.5897993525767,4.612
Denmark,DNK,2015,53094.0133607574,80.7024390243902,96.3305016195436,6.278
Dominican Republic,DOM,2015,6800.95309395474,72.982,54.2157663369785,7.605
Algeria,DZA,2015,4685.05902729002,75.159,38.20000076,11.206
East Asia & Pacific (excluding high income),EAP,2015,6589.77076427462,74.9511243848739,43.5,3.17563972810762
East Asia & Pacific,EAS,2015,9691.70576095154,75.7926010192992,48.3,3.23705499550846
Europe & Central Asia (excluding high income),ECA,2015,6291.45594655745,73.755408258866,51.9,8.85339246838107
Europe & Central Asia,ECS,2015,22702.8228380066,77.330938408387,69.9,8.52974374342846
Ecuador,ECU,2015,5976.1596805651,76.222,48.9404337892669,3.419
"Egypt, Arab Rep.",EGY,2015,3306.98159414141,70.135,37.8193834276939,13.052
Spain,ESP,2015,25982.4416197775,82.8317073170732,78.6896318703515,22.057
Estonia,EST,2015,17722.1557669523,77.590243902439,88.4097035040431,6.412
Finland,FIN,2015,42560.3456767103,81.4804878048781,86.4221333325445,9.376
France,FRA,2015,36702.4323733379,82.3219512195122,78.0060377071902,10.354
United Kingdom,GBR,2015,45255.3449216209,80.9560975609756,92.0002998740234,5.552
Georgia,GEO,2015,4086.6223465965,73.241,47.5697596438736,16.506
Ghana,GHA,2015,1722.77282833606,63.175,23.0,6.806
Greece,GRC,2015,17980.7298238137,81.0365853658537,66.8349594911035,24.981
Grenada,GRD,2015,8694.12438005692,75.037,52.5,22.9
Greenland,GRL,2015,44536.3549705377,70.909756097561,67.600443481006,9.1
Guatemala,GTM,2015,3893.50533299068,70.915,28.80590057,2.506
Guam,GUM,2015,35165.7014644795,76.444,73.139999947043,6.9
High income,HIC,2015,36586.4346902662,79.5243189639773,78.3,6.59315122070644
"Hong Kong SAR, China",HKG,2015,42432.1619740441,84.2526829268293,84.9483529634062,3.314
Honduras,HND,2015,2271.20265980349,71.323,27.1395454833776,6.147
Croatia,HRV,2015,12283.7840620053,77.2756097560976,69.8450359238281,16.15
Hungary,HUN,2015,12782.9412577973,75.5682926829269,72.8347370323805,6.813
IBRD only,IBD,2015,5546.04775275527,73.0328490236397,39.1,5.05410593798498
IDA blend,IDB,2015,1947.85246838642,60.2944946354402,19.0,4.11013024853432
Indonesia,IDN,2015,3288.22269725538,69.52,22.062742603379,4.514
Ireland,IRL,2015,64250.1385181257,81.4536585365854,83.4947916666667,9.908
"Iran, Islamic Rep.",IRN,2015,4952.73355532178,75.907,45.3349761533285,11.166
Iceland,ISL,2015,53505.6964079339,82.4682926829268,98.19999695,3.979
Israel,ISR,2015,36213.1041481958,82.0512195121951,77.3520896572253,5.176
Italy,ITA,2015,30639.8829751432,82.5439024390244,58.1417349568747,11.896
Jordan,JOR,2015,4042.75678097555,75.06,54.22000122,13.075
Japan,JPN,2015,34960.6393843385,83.7939024390244,91.0580283929962,3.385
Kazakhstan,KAZ,2015,10196.1226255982,72.024,70.82993359566,4.971
Kyrgyz Republic,KGZ,2015,1105.65193844261,70.6512195121951,30.24699974,4.2
Cambodia,KHM,2015,1547.32010444393,69.398,6.43319107021405,0.393
Kiribati,KIR,2015,1639.85274740652,65.831,14.89999962,9.334
"Korea, Rep.",KOR,2015,30171.7906545222,82.0243902439024,89.8962557995106,3.546
Kuwait,KWT,2015,29882.2126495698,79.3765609756098,82.0,1.947
Latin America & Caribbean (excluding high income),LAC,2015,8308.73911709951,74.5553955667316,53.3,6.4372018132954
Lao PDR,LAO,2015,2121.01339097363,66.688,18.20000076,2.006
Latin America & Caribbean,LCN,2015,8547.2373391789,74.7432221893097,54.4,6.47423621669181
Liechtenstein,LIE,2015,167187.15730982,82.6560975609756,96.6411972,3.642
Sri Lanka,LKA,2015,4057.7158346231,75.99,15.26249981,4.519
Lithuania,LTU,2015,14269.8039878287,74.3219512195122,71.3780590101754,9.12
Luxembourg,LUX,2015,105462.012584423,82.2926829268293,96.3767141704759,6.796
Latvia,LVA,2015,13321.9753140616,74.4804878048781,79.2005829239344,9.873
"Macao SAR, China",MAC,2015,69902.9605741233,83.2243902439024,77.6001318608868,1.8
Morocco,MAR,2015,3146.24780273438,72.894,57.0799993486116,9.46
Moldova,MDA,2015,2749.55137054338,70.118,69.0000044661932,1.781
Madagascar,MDG,2015,445.320069480568,63.362,4.173999786,1.785
"Middle East, North Africa, Afghanistan & Pakistan",MEA,2015,5125.68064083245,70.1510409297575,31.8,7.83582436524475
Mexico,MEX,2015,10021.2386118827,74.431,57.4310429923633,4.311
North Macedonia,MKD,2015,5262.68671928674,75.4024390243902,70.3802030766689,26.395
Mali,MLI,2015,838.11986940103,57.852,10.32999992,7.729
Malta,MLT,2015,25529.6813337717,81.7975609756098,75.9600189752747,5.389
Myanmar,MMR,2015,1166.73305547935,65.288,10.89999962,0.766
"Middle East, North Africa, Afghanistan & Pakistan (excluding high income)",MNA,2015,2802.63134980954,69.2873263613117,27.6,8.29491010463038
Montenegro,MNE,2015,6421.00307345999,76.6024390243903,68.1197860085679,17.555
Mongolia,MNG,2015,3838.92126989984,70.810243902439,22.5000041337688,4.861
Mozambique,MOZ,2015,610.563774706589,58.711,6.5,3.426
Mauritius,MUS,2015,9630.5437837507,74.3531707317073,50.1393184766711,7.41
Malaysia,MYS,2015,9648.6797937523,75.288,71.0640678111957,3.1
North America,NAC,2015,55285.5686917861,79.0036254654542,76.1,5.4606408215288
Nigeria,NGA,2015,2585.73360671797,51.939,22.51420021,4.311
Nicaragua,NIC,2015,2074.45620634731,72.899,19.70429993,4.7
Netherlands,NLD,2015,45793.8135434697,81.509756097561,91.7241379310345,6.872
Norway,NOR,2015,74809.9658049898,82.3048780487805,96.810325691365,4.296
Nepal,NPL,2015,875.543635474862,67.374,17.58160019,3.1
New Zealand,NZL,2015,38665.3723018158,81.6124390243903,85.19999695,5.407
Pakistan,PAK,2015,1380.47020838317,65.641,11.0,3.566
Panama,PAN,2015,14082.6548434996,77.583,51.2054249948687,4.402
Peru,PER,2015,6231.71150338894,75.732,40.8526009090468,3.272
Philippines,PHL,2015,2909.85818010301,69.45,36.90000153,3.068
Poland,POL,2015,12637.5220324406,77.4512195121951,67.9969871556415,7.475
Puerto Rico (US),PRI,2015,29242.041465085,80.677,63.4663353848474,11.947
Portugal,PRT,2015,19215.7813014347,81.1243902439025,68.6328614804299,12.405
Paraguay,PRY,2015,5879.33792308762,73.454,49.716304663966,4.556
West Bank and Gaza,PSE,2015,3272.15432360708,74.577,56.70000076,23.005
Qatar,QAT,2015,68985.2433380102,81.785,92.8848264535481,0.163
Romania,ROU,2015,8977.01748158196,74.9121951219512,55.7631556336233,6.812
Russian Federation,RUS,2015,9277.7138671875,71.1834146341463,70.0992412263947,5.615
Saudi Arabia,SAU,2015,23256.1549553531,77.776,69.6162358014004,5.6
Senegal,SEN,2015,1218.00613555438,66.451,21.70000076,6.757
Singapore,SGP,2015,55645.6068614606,82.7439024390244,79.0129570025584,3.785
El Salvador,SLV,2015,3790.34089108162,70.952,26.8026049600572,3.998
Serbia,SRB,2015,5820.3215576888,75.2878048780488,65.3170254003801,17.66
Suriname,SUR,2015,8813.61705392067,70.567,42.76380157,7.222
Slovak Republic,SVK,2015,16442.0760860018,76.5634146341463,77.6346820339875,11.492
Slovenia,SVN,2015,20697.2748530619,80.7756097560976,73.0986599745829,8.962
Sweden,SWE,2015,51188.1652120493,82.2048780487805,90.6101966398616,7.432
Seychelles,SYC,2015,15333.1051727105,74.2951219512195,54.25960159,4.151
East Asia & Pacific (IDA & IBRD countries),TEA,2015,6664.48834577557,74.9777768374826,44.1,3.17563972810762
Europe & Central Asia (IDA & IBRD countries),TEC,2015,8009.61874995558,73.3408132950813,59.4,7.52956235391352
Togo,TGO,2015,751.051987587248,59.23,7.119999886,2.204
Thailand,THA,2015,5688.85335397884,76.563,39.3161267365004,0.597
Latin America & the Caribbean (IDA & IBRD countries),TLA,2015,8404.37747196218,74.6505904118153,54.7,6.53074314704016
Timor-Leste,TLS,2015,1319.59295003154,65.326,18.60000038,3.678
"Middle East, North Africa, Afghanistan & Pakistan (IDA & IBRD)",TMN,2015,2799.45441811583,69.2515348606398,27.4,8.18946996039061
Trinidad and Tobago,TTO,2015,19887.2327716498,72.882,65.09999847,2.428
Tunisia,TUN,2015,4014.94773686432,74.875,46.4999943435776,15.159
Turkiye,TUR,2015,11064.6494504662,76.539,53.7449791423583,10.302
Ukraine,UKR,2015,2094.47387695313,72.686,48.8846436813218,9.14
Upper middle income,UMC,2015,7435.76486473308,75.1752922690271,47.9,4.8624627025876
Uruguay,URY,2015,17125.9016800298,77.285,64.5707870971624,7.488
United States,USA,2015,56572.9188996063,78.690243902439,74.5542024462761,5.28
Uzbekistan,UZB,2015,2803.19018021751,71.33,42.79999924,5.2
Viet Nam,VNM,2015,2577.56885340113,73.955,45.0,1.848
World,WLD,2015,10161.9445773233,71.9646262286432,39.9,5.28945664799227
South Africa,ZAF,2015,6112.27382485974,64.053,51.91910172,25.149
Zambia,ZMB,2015,1295.87788680068,60.728,8.8,11.888
Albania,ALB,2016,4457.63412207495,78.643,59.59999847,15.418
United Arab Emirates,ARE,2016,42721.0999383185,82.195,90.6000073180483,1.636
Armenia,ARM,2016,3524.42476874707,74.8682926829268,64.3460297653742,17.617
Australia,AUS,2016,50084.4440606385,82.4487804878049,86.54000092,5.714
Austria,AUT,2016,45061.4993920192,81.6414634146342,84.3237425711653,6.064
Azerbaijan,AZE,2016,3880.6852276838,72.568,78.2,5.0
Belgium,BEL,2016,41854.5498296444,81.4390243902439,86.5164766644457,7.83
Bangladesh,BGD,2016,1649.28380858601,71.075,16.89909935,4.2
Bulgaria,BGR,2016,7822.49923292968,74.8121951219512,59.825547661014,7.575
"Bahamas, The",BHS,2016,30616.5363157284,74.042,80.0,12.7
Bosnia and Herzegovina,BIH,2016,4928.5665903114,77.124,60.2565354318987,25.408
Belarus,BLR,2016,5039.77560949445,73.8268292682927,71.1130457603832,5.844
Belize,BLZ,2016,6140.86713919469,71.843,44.57569885,7.0
Bolivia,BOL,2016,3035.87347732132,67.392,39.69749832,3.498
Brazil,BRA,2016,8836.28546025694,75.081,60.8725400681261,11.58
Barbados,BRB,2016,20295.5672072046,76.168,71.57299805,8.247
Canada,CAN,2016,42314.0615817218,81.94,91.16000366,7.038
Switzerland,CHE,2016,82153.0745447889,83.6024390243903,89.1346877351392,4.918
Chile,CHL,2016,13649.8520452803,80.295,83.5585860244169,6.926
China,CHN,2016,8254.86859320357,77.214,53.2,3.831
Cote d'Ivoire,CIV,2016,1862.59597081287,58.814,41.2078149304414,1.896
"Congo, Dem. Rep.",COD,2016,459.765036590388,59.081,10.1,5.006
Colombia,COL,2016,5959.84250367574,76.228,58.1364935728703,8.922
Costa Rica,CRI,2016,12091.0301606154,79.988,65.8804491942718,8.085
Cuba,CUB,2016,8110.55874283616,77.571,42.9786751910106,2.0
Cyprus,CYP,2016,24280.056640625,81.534,75.9002054030125,13.006
Czechia,CZE,2016,18753.9686718096,79.0268292682927,76.4811986951838,3.952
Germany,DEU,2016,42948.9381932694,80.990243902439,84.1652066441212,4.104
Denmark,DNK,2016,54500.9260410217,80.8536585365854,96.9677852516645,5.989
Dominican Republic,DOM,2016,7160.44200982307,72.889,63.8708647408206,7.284
Algeria,DZA,2016,4424.98529027556,75.31,42.94549942,10.202
East Asia & Pacific (excluding high income),EAP,2016,6683.18386700353,75.1559117663434,49.6,3.59550725006152
East Asia & Pacific,EAS,2016,9965.00400107685,75.9870166732102,53.9,3.6004229096202
Europe & Central Asia (excluding high income),ECA,2016,5986.89723080084,74.0313769065099,56.2,9.38210798383719
Europe & Central Asia,ECS,2016,22519.6408855547,77.6812816553928,72.3,8.12815002333725
Ecuador,ECU,2016,5917.63771271481,76.094,54.0629247288864,4.39
"Egypt, Arab Rep.",EGY,2016,3270.6287768197,70.437,41.2480670885772,12.45
Spain,ESP,2016,26755.6061149398,83.3292682926829,80.5613329432179,19.635
Estonia,EST,2016,18666.3736521706,77.6414634146342,87.2402327514547,6.882
Finland,FIN,2016,43451.2562442158,81.4292682926829,87.7036499599455,8.818
Fiji,FJI,2016,5363.79026679243,66.657,49.41999817,4.319
France,FRA,2016,37024.2157133669,82.5731707317073,79.2698113207547,10.057
United Kingdom,GBR,2016,41257.9085545556,81.1560975609756,94.7758006318882,4.909
Georgia,GEO,2016,4143.40125686315,73.136,58.4592896118725,16.604
Greece,GRC,2016,17919.2426377048,81.3878048780488,69.0879154723892,23.514
Guatemala,GTM,2016,4060.13784737643,71.215,34.50930023,2.583
Guam,GUM,2016,35930.6594898711,76.449,77.009999893206,5.4
High income,HIC,2016,37057.8096501124,79.7243121172073,82.5,6.10982342183445
"Hong Kong SAR, China",HKG,2016,43734.1980702999,84.2114634146342,87.47941467087,3.392
Honduras,HND,2016,2307.34468351082,71.615,29.5282180796457,6.727
Croatia,HRV,2016,12820.1653893008,77.9219512195122,72.6972696701463,13.015
Hungary,HUN,2016,13215.8605277789,76.0634146341464,79.2594121273057,5.115
IBRD only,IBD,2016,5534.81953332907,73.2592309044272,43.2,5.57116555131845
IDA blend,IDB,2016,1790.53787826053,60.5761664527178,20.6,4.63172952356867
Indonesia,IDN,2016,3521.46943457574,69.733,25.447353701827,4.301
Ireland,IRL,2016,64129.5571542383,81.6536585365854,83.5,8.374
"Iran, Islamic Rep.",IRN,2016,5710.59947089104,76.155,53.2267716709857,12.618
Iraq,IRQ,2016,4334.42096404188,68.683,19.87719917,10.82
Iceland,ISL,2016,62854.0906407932,82.2048780487805,98.23999786,2.978
Israel,ISR,2016,37671.5389138798,82.4073170731707,79.6531241815281,4.723
Italy,ITA,2016,31391.5692898108,83.2439024390244,61.3242527666303,11.688
Jamaica,JAM,2016,5302.29553353854,72.052,44.3668563671334,8.634
Jordan,JOR,2016,3986.71677010853,75.55,56.15000153,15.275
Japan,JPN,2016,39375.4731620781,83.9848780487805,93.1827212821617,3.132
Kenya,KEN,2016,1554.12610314423,62.526,16.6,2.757
Kyrgyz Republic,KGZ,2016,1103.27489428412,70.9512195121951,40.52619934,4.009
Cambodia,KHM,2016,1675.19555711109,69.635,32.3984517141849,0.716
"Korea, Rep.",KOR,2016,30832.0628072516,82.2756097560976,92.8430256796075,3.65
Kuwait,KWT,2016,27323.6890735517,79.6775853658537,85.59999847,2.164
Latin America & Caribbean (excluding high income),LAC,2016,7977.19727122285,74.5306460760941,56.4,7.74717200837746
Liberia,LBR,2016,714.613063145659,60.483,15.69999981,3.081
St. Lucia,LCA,2016,10638.1269396653,72.552,58.22259903,16.559
Latin America & Caribbean,LCN,2016,8241.45140922665,74.6774848833781,57.5,7.59027433702933
Sri Lanka,LKA,2016,4149.19190775593,76.136,22.19,4.242
Lithuania,LTU,2016,14934.2702840428,74.6707317073171,74.3766455618662,7.862
Luxembourg,LUX,2016,106899.293549552,82.6853658536585,98.1366986657616,6.669
Latvia,LVA,2016,13838.5266823272,74.580487804878,79.8420977843089,9.643
"Macao SAR, China",MAC,2016,68911.6755919628,83.2756097560976,81.6429854646415,1.964
Morocco,MAR,2016,3140.85546875,73.228,58.271236420398,9.3
Monaco,MCO,2016,173604.753555915,85.63,95.20819855,6.332
Moldova,MDA,2016,2847.08794770479,70.179,70.9999991066624,1.591
Maldives,MDV,2016,9947.80744731739,78.913,59.47750092,5.771
"Middle East, North Africa, Afghanistan & Pakistan",MEA,2016,5126.05331639032,70.4288635225293,35.0,7.4105015604302
Mexico,MEX,2016,9097.92397674769,74.376,59.5404459967255,3.853
North Macedonia,MKD,2016,5598.48622617967,75.4,72.1568144676058,24.312
Mali,MLI,2016,872.468587171653,58.286,14.0,1.367
Malta,MLT,2016,26459.0770929988,82.3536585365854,78.0751488032182,4.694
"Middle East, North Africa, Afghanistan & Pakistan (excluding high income)",MNA,2016,2863.14057781135,69.5328376363007,30.8,8.03362856693895
Montenegro,MNE,2016,6968.01539365317,76.5414634146342,69.8816468416779,17.732
Mongolia,MNG,2016,3619.90026383792,70.2239024390244,22.2657705007562,7.235
Mauritius,MUS,2016,10095.1225574156,74.3948780487805,52.19129944,6.814
Malaysia,MYS,2016,9476.53409809923,75.371,78.7883099275229,3.4
North America,NAC,2016,56112.2253713869,78.8800103845064,86.1,5.10340701910414
Namibia,NAM,2016,4395.68776162376,60.81,31.0333004,23.352
Nigeria,NGA,2016,2070.4127339595,52.189,24.13750076,7.06
Nicaragua,NIC,2016,2131.68704828322,73.18,24.57180023,3.9
Netherlands,NLD,2016,46808.5291492503,81.5609756097561,90.4109589041096,6.007
Norway,NOR,2016,70867.3609970749,82.4073170731707,97.2982036675068,4.68
New Zealand,NZL,2016,40113.7195382428,81.6585365853659,86.5,5.145
Oman,OMN,2016,17110.1897460545,79.581,76.8453904741456,3.266
Pakistan,PAK,2016,1424.69161195897,65.943,12.385446763381,2.285
Panama,PAN,2016,14832.3611652459,77.772,54.0,4.843
Peru,PER,2016,6217.03599995447,75.951,45.4617406869459,3.741
Philippines,PHL,2016,2985.19564024046,69.49,39.20000076,2.695
Poland,POL,2016,12464.0110508476,77.8512195121951,73.3007040962669,6.141
Puerto Rico (US),PRI,2016,29978.0889268918,80.355,68.6438071976518,11.8
Portugal,PRT,2016,19980.2808866516,81.1243902439025,70.423567088723,11.058
Paraguay,PRY,2016,5775.15963399596,73.487,53.4041274791009,5.255
West Bank and Gaza,PSE,2016,3527.61382413178,74.917,59.90000153,23.939
Qatar,QAT,2016,61253.6217997091,82.147,95.1246621661148,0.143
Romania,ROU,2016,9404.54005870715,75.209756097561,59.5039512852713,5.901
Russian Federation,RUS,2016,8663.158203125,71.6512195121951,73.091434617897,5.591
Saudi Arabia,SAU,2016,22267.7217050387,78.354,74.8792746891625,5.6
Senegal,SEN,2016,1266.43957151587,66.724,25.66480064,4.455
Singapore,SGP,2016,57005.5887176547,82.8463414634146,84.4522678893074,4.084
El Salvador,SLV,2016,3901.34014965811,70.908,28.99710083,4.418
San Marino,SMR,2016,44359.4797662688,84.775,55.0,6.445
Serbia,SRB,2016,5982.37030126471,75.6878048780488,67.0568413716938,15.257
Suriname,SUR,2016,5644.2061057532,70.979,45.40000153,7.917
Slovak Republic,SVK,2016,16636.0769133073,77.1658536585366,80.475857275668,9.679
Slovenia,SVN,2016,21447.8377796036,81.1756097560976,75.4985042610791,8.0
Sweden,SWE,2016,51703.5088332851,82.3073170731707,89.6509476102355,6.99
Eswatini,SWZ,2016,3238.17611961364,56.228,28.56999969,22.718
Seychelles,SYC,2016,16566.9946042294,74.309756097561,56.51470184,3.965
East Asia & Pacific (IDA & IBRD countries),TEA,2016,6758.74365728701,75.1832269955477,50.2,3.59550725006152
Europe & Central Asia (IDA & IBRD countries),TEC,2016,7659.54924391363,73.6902109808946,63.3,7.50851611428948
Thailand,THA,2016,5833.57715617098,76.769,47.5049656215909,0.688
Tajikistan,TJK,2016,788.710481734485,69.982,20.46999931,0.081
Latin America & the Caribbean (IDA & IBRD countries),TLA,2016,8082.02330614142,74.5894794269073,57.7,7.67871674894888
Timor-Leste,TLS,2016,1335.54391073349,65.61,21.20000076,4.657
"Middle East, North Africa, Afghanistan & Pakistan (IDA & IBRD)",TMN,2016,2858.61689096826,69.4961826399098,30.6,7.92558784849551
Tonga,TON,2016,3987.98626206287,71.951,39.95000076,1.054
Trinidad and Tobago,TTO,2016,17449.1538801956,72.935,67.80000305,3.207
Tunisia,TUN,2016,3847.80354448809,75.007,49.5999948415756,15.557
Turkiye,TUR,2016,10984.3643169061,76.595,58.3477340145685,10.905
Tuvalu,TUV,2016,3808.69755015909,65.51,31.0,8.489
Ukraine,UKR,2016,2158.46118164063,73.389,53.0009695981884,9.35
Upper middle income,UMC,2016,7413.22237473365,75.3401910593772,53.3,5.52089880441307
Uruguay,URY,2016,17009.7584207276,77.351,66.40000153,7.841
United States,USA,2016,57638.1018367192,78.5390243902439,85.5444212887222,4.869
Uzbekistan,UZB,2016,2753.37951427589,71.58,46.79130173,5.2
"Venezuela, RB",VEN,2016,3670.15737848208,72.002,60.0,5.319
Viet Nam,VNM,2016,2735.0604380416,73.984,53.0,1.848
World,WLD,2016,10204.9287763386,72.1847318478467,43.6,5.53871725558364
South Africa,ZAF,2016,5651.20585165749,64.749,54.0,26.536
Afghanistan,AFG,2017,525.469770891619,62.406,13.5,11.184
Africa Western and Central,AFW,2017,1574.23056437855,56.6266215613676,23.8,7.24008368506189
Albania,ALB,2017,5006.36012951959,78.9,62.40000153,13.616
United Arab Emirates,ARE,2017,43733.6192287435,82.388,94.8199225383446,2.462
Argentina,ARG,2017,14532.5009308511,76.543,74.2949068657957,8.347
Armenia,ARM,2017,3869.05373867752,75.2170731707317,64.7448843250726,17.704
Australia,AUS,2017,54117.547718609,82.5,86.5450488476768,5.604
Austria,AUT,2017,47163.7425775142,81.6439024390244,87.9355865856062,5.561
Azerbaijan,AZE,2017,4147.1981423222,72.694,79.0,5.0
Belgium,BEL,2017,44035.3239358548,81.4926829268293,87.6796808175598,7.09
Bangladesh,BGD,2017,1811.08221668646,71.606,21.5,4.372
Bulgaria,BGR,2017,8696.68930427924,74.8146341463415,63.4101013837926,6.164
"Bahamas, The",BHS,2017,31875.4881749619,74.031,80.59999847,9.8
Bosnia and Herzegovina,BIH,2017,5345.01978766473,77.385,64.8920205128383,20.527
Belarus,BLR,2017,5785.54491935194,74.1292682926829,74.4364454136036,5.648
Belize,BLZ,2017,6071.85451846453,72.062,48.8771019,6.596
Bolivia,BOL,2017,4048.40119739839,67.536,43.83229828,3.655
Brazil,BRA,2017,10080.5078722821,75.383,67.4712845236305,12.792
Barbados,BRB,2017,20284.5762052461,76.237,71.14849854,8.62
Brunei Darussalam,BRN,2017,28024.3824580252,74.943,94.86669922,9.316
Canada,CAN,2017,45129.628116623,81.8078048780488,92.70140076,6.426
Switzerland,CHE,2017,82254.3769269767,83.5512195121951,89.6861476710225,4.797
Chile,CHL,2017,14879.9086227187,80.61,82.3274869338464,7.3
China,CHN,2017,8979.67652709856,77.235,54.3,3.775
Cote d'Ivoire,CIV,2017,1964.29930338343,59.315,43.8399208514876,3.272
Colombia,COL,2017,6479.53231292429,76.418,62.2598803162841,9.086
Cabo Verde,CPV,2017,3893.09571382506,74.71,57.1621463484891,12.241
Costa Rica,CRI,2017,12317.0902771304,79.994,71.5816646195022,7.729
Cuba,CUB,2017,8610.60829605429,77.3,57.1484043170788,1.7
Cyprus,CYP,2017,26247.44921875,81.543,80.743188971932,11.155
Czechia,CZE,2017,20913.197632212,78.9780487804878,78.7191728513432,2.893
Germany,DEU,2017,45553.9341495339,80.9926829268293,84.3941537010844,3.781
Djibouti,DJI,2017,2618.95521147369,63.71,55.6814092453962,26.064
Denmark,DNK,2017,57521.5514992225,81.1024390243903,97.0993621555621,5.833
Dominican Republic,DOM,2017,7412.71571571512,73.37,67.5712453277737,5.832
Algeria,DZA,2017,4554.66753957828,75.431,47.69110107,11.707
East Asia & Pacific (excluding high income),EAP,2017,7241.92533864361,75.2396714880306,53.9,3.44010396647532
East Asia & Pacific,EAS,2017,10566.2828244863,76.0789923585537,57.8,3.44256865045303
Europe & Central Asia (excluding high income),ECA,2017,6138.12063922999,74.4033539029016,60.6,9.05003717267811
Europe & Central Asia,ECS,2017,23814.1197034605,77.8990151719065,74.5,7.49629350608595
Ecuador,ECU,2017,6233.32244797718,76.22,55.79999924,3.708
"Egypt, Arab Rep.",EGY,2017,2395.10333299491,70.709,44.9502042452857,11.767
Spain,ESP,2017,28381.3425596906,83.2829268292683,84.6022457016524,17.224
Estonia,EST,2017,20851.5223496861,78.0926829268293,88.1024568740199,5.807
Finland,FIN,2017,46085.0174739036,81.6317073170732,87.4689290730615,8.64
France,FRA,2017,38687.1626407164,82.5756097560976,80.5024597243607,9.409
United Kingdom,GBR,2017,40916.8115070354,81.2560975609756,90.4245504868553,4.501
Georgia,GEO,2017,4418.75206546679,73.435,59.7055045962571,13.939
Ghana,GHA,2017,2012.28662641265,63.829,37.88420105,3.369
Greece,GRC,2017,18631.9930129293,81.2878048780488,69.8929706543154,21.413
Guatemala,GTM,2017,4324.99768915601,71.583,37.90000153,2.462
High income,HIC,2017,38776.5615949516,79.8536254138921,84.2,5.5902097173412
"Hong Kong SAR, China",HKG,2017,46160.429791493,84.6956097560976,89.4159446487565,3.124
Honduras,HND,2017,2413.0076562942,71.805,31.7357924661485,5.528
Croatia,HRV,2017,13901.7878144679,77.7268292682927,67.0961920368478,11.078
Hungary,HUN,2017,14736.1668157258,75.8170731707317,76.7505471201922,4.156
IBRD only,IBD,2017,6053.30921793356,73.4857607809887,46.6,5.53453775444542
Indonesia,IDN,2017,3798.88326174526,69.953,32.335806250688,3.783
Ireland,IRL,2017,72161.4047531385,82.1560975609756,84.1140070623844,6.713
"Iran, Islamic Rep.",IRN,2017,6000.93346404409,76.396,64.0439736249513,12.232
Iraq,IRQ,2017,4759.2846435467,69.788,25.96920013,13.017
Iceland,ISL,2017,72976.3729990975,82.6609756097561,98.2552011867973,2.742
Israel,ISR,2017,41138.470964272,82.5512195121951,81.5811835871611,4.14
Italy,ITA,2017,32844.115660604,82.9463414634147,63.0773469984291,11.211
Jamaica,JAM,2017,5605.43541173019,71.879,55.0720670507751,7.399
Jordan,JOR,2017,4065.61628749384,76.071,64.5,18.12
Japan,JPN,2017,38834.0529341227,84.099756097561,91.7265472366635,2.822
Kazakhstan,KAZ,2017,8943.08416791984,72.996,76.4267482325439,4.9
Kyrgyz Republic,KGZ,2017,1221.39046807082,71.2,50.80530167,3.319
Cambodia,KHM,2017,1826.35391688754,69.842,32.9002785437986,0.141
"Korea, Rep.",KOR,2017,33296.9845439195,82.6268292682927,95.0694218761004,3.653
Latin America & Caribbean (excluding high income),LAC,2017,8827.8501051856,74.7006534427421,59.2,8.10810725329393
Lao PDR,LAO,2017,2432.43059478511,67.345,25.51040077,3.268
Liberia,LBR,2017,699.269095727404,60.777,16.29999924,5.931
St. Lucia,LCA,2017,11333.1123822102,72.522,59.16009903,18.894
Latin America & Caribbean,LCN,2017,9065.54817792866,74.8318087892113,60.2,7.93416974398276
Liechtenstein,LIE,2017,170547.092298954,83.7463414634147,99.54660034,2.31
Sri Lanka,LKA,2017,4398.88828068715,76.239,25.07550049,4.046
Lithuania,LTU,2017,16800.1510246099,75.4804878048781,77.6152565124514,7.073
Luxembourg,LUX,2017,110193.213797228,82.0951219512195,97.3629603241751,5.523
Latvia,LVA,2017,15132.4958333982,74.6292682926829,80.1140770037369,8.715
"Macao SAR, China",MAC,2017,77570.9876166977,83.5268292682927,83.1740890688259,1.981
Moldova,MDA,2017,3453.26727720294,70.375,71.76709747,1.622
Mexico,MEX,2017,9649.27816772402,74.261,53.0317886110982,3.419
North Macedonia,MKD,2017,5955.2973863451,75.9536585365854,74.5168241807954,22.857
Mali,MLI,2017,924.057531692284,58.562,18.89999962,7.414
Malta,MLT,2017,30317.2443175543,82.1951219512195,81.0119110762945,4.008
Myanmar,MMR,2017,1272.82241815234,65.909,23.621081950267,1.356
Montenegro,MNE,2017,7674.2813940676,76.6853658536585,71.2723325399382,16.082
Mongolia,MNG,2017,3645.96708669551,70.5434146341463,23.71430016,6.359
Mauritania,MRT,2017,1615.00401327323,67.088,21.01720047,10.336
Mauritius,MUS,2017,10986.7034093005,74.5146341463415,55.4032403002657,6.752
Malawi,MWI,2017,495.769683367165,63.914,7.0,3.77
Malaysia,MYS,2017,9862.54806612235,75.542,80.1404790103961,3.36
North America,NAC,2017,58184.8571647569,78.868288279967,87.8,4.57971738602629
New Caledonia,NCL,2017,32354.7102832901,77.504,82.0058408035186,11.676
Niger,NER,2017,521.804130023434,59.524,10.2243115586561,7.769
Nigeria,NGA,2017,1876.34027111773,52.397,25.87789917,8.389
Nicaragua,NIC,2017,2182.61380995674,73.389,30.39999962,3.3
Netherlands,NLD,2017,49513.6817346384,81.7609756097561,93.1972789115646,4.837
Norway,NOR,2017,76131.8384032764,82.609756097561,96.3576012951191,4.164
Nepal,NPL,2017,1034.28374906846,68.74,24.3,10.66
New Zealand,NZL,2017,42950.3841711138,81.8585365853659,87.69999695,4.737
Oman,OMN,2017,17820.0661809335,79.748,80.18560028,1.677
Panama,PAN,2017,15694.6297518495,77.901,59.9506309038683,5.461
Peru,PER,2017,6736.16693725487,75.958,50.4504121848143,3.691
Philippines,PHL,2017,3038.12124959289,69.966,41.59999847,2.552
Poland,POL,2017,13913.3402919927,77.7536585365854,75.9853659493832,4.867
Puerto Rico (US),PRI,2017,30328.479490518,79.07,68.7407731407209,10.8
Portugal,PRT,2017,21442.3842768879,81.4243902439025,73.7912139515729,8.878
Paraguay,PRY,2017,6152.2671153779,73.45,61.0757562215797,6.138
West Bank and Gaza,PSE,2017,3620.36048715937,75.216,63.29999924,25.677
Qatar,QAT,2017,63279.8767486216,82.458,97.3888491654164,0.133
Romania,ROU,2017,10727.9822007426,75.209756097561,63.7472821822484,4.927
Russian Federation,RUS,2017,10658.9130859375,72.4514634146342,76.0081385339105,5.238
Rwanda,RWA,2017,758.300966509647,66.14,17.2,11.875
Saudi Arabia,SAU,2017,23929.2907135982,78.721,94.1755996113911,5.89
Senegal,SEN,2017,1356.80518449031,67.059,29.64310074,4.078
Singapore,SGP,2017,61236.251270627,83.0951219512195,84.4522678893074,4.163
El Salvador,SLV,2017,4020.12671373919,71.007,33.8207289048526,4.385
San Marino,SMR,2017,45192.0279766943,84.933,60.18230057,8.464
Serbia,SRB,2017,6548.03653824187,75.5390243902439,70.3308355269141,13.477
Sao Tome and Principe,STP,2017,1555.79477812888,67.074,32.61640167,6.657
Slovak Republic,SVK,2017,17645.5298716761,77.1658536585366,81.6256675172655,8.142
Slovenia,SVN,2017,23303.077705959,81.0292682926829,78.8854263554775,6.564
Sweden,SWE,2017,53210.2233318965,82.409756097561,93.0062669652127,6.718
Seychelles,SYC,2017,17480.3651911372,74.3,62.55310059,3.715
East Asia & Pacific (IDA & IBRD countries),TEA,2017,7323.51364847919,75.2671640185859,54.6,3.44010396647532
Europe & Central Asia (IDA & IBRD countries),TEC,2017,8575.46129195764,74.1318681774556,67.0,7.10429056574582
Togo,TGO,2017,792.765700965864,60.145,12.3602249692905,3.744
Thailand,THA,2017,6413.09182530343,76.989,52.8919293439676,0.83
Latin America & the Caribbean (IDA & IBRD countries),TLA,2017,8918.30251254156,74.7614101353626,60.2,8.03518935371789
Tunisia,TUN,2017,3619.03247319953,75.177,55.5001550633671,15.33
Turkiye,TUR,2017,10756.3877677883,77.037,64.6846176835371,10.916
Tuvalu,TUV,2017,4165.66338700106,65.683,35.20000076,26.553
Uganda,UGA,2017,765.218332297361,65.174,7.417900085,3.428
Ukraine,UKR,2017,2604.28759765625,73.993,58.8894794459775,9.5
Upper middle income,UMC,2017,8064.20583627107,75.4807608424492,57.7,5.58353555443337
Uruguay,URY,2017,19184.6502617082,77.618,70.3223543994698,7.89
United States,USA,2017,59635.0984397965,78.5390243902439,87.2748891687657,4.355
Uzbekistan,UZB,2017,2190.60411562888,71.737,48.6999988524556,5.8
Viet Nam,VNM,2017,2956.10992127753,74.026,58.1400000036297,1.874
World,WLD,2017,10747.764306505,72.3651230321768,46.3,5.57563051051811
Kosovo,XKX,2017,4009.32022050863,77.105,83.8935968102791,30.344
South Africa,ZAF,2017,6618.33508255701,65.422,56.16740036,27.035
Zambia,ZMB,2017,1483.46577328065,61.564,12.19999981,4.529
Albania,ALB,2018,5897.65452588774,79.238,65.40000153,12.304
United Arab Emirates,ARE,2018,47135.3591943971,82.449,98.4500017817194,2.236
Argentina,ARG,2018,11752.7998922979,76.77,77.7,9.22
Armenia,ARM,2018,4196.00562301769,75.619512195122,68.2450522610271,10.589
Antigua and Barbuda,ATG,2018,18273.4270684912,77.132,70.81790161,8.78
Australia,AUS,2018,57410.1737346009,82.7487804878049,90.0082016,5.345
Austria,AUT,2018,51194.0749841299,81.6926829268293,87.4791372262556,4.933
Azerbaijan,AZE,2018,4739.7943123408,73.016,79.7999954887896,4.9
Belgium,BEL,2018,47487.2100392561,81.5951219512195,88.6473429951691,5.941
Burkina Faso,BFA,2018,777.465618514048,59.972,8.498900414,4.695
Bulgaria,BGR,2018,9849.38397225174,74.9634146341464,64.78201069118,5.211
"Bahamas, The",BHS,2018,32642.3353203452,74.062,83.0,10.0
Bosnia and Herzegovina,BIH,2018,6047.84707207392,77.942,70.1201350394885,18.4
Belarus,BLR,2018,6360.037502312,74.1756097560976,79.1298866919307,4.763
Belize,BLZ,2018,6011.99036888587,72.322,53.59360123,9.346
Bolivia,BOL,2018,4206.8552936661,67.699,44.2861422024283,3.519
Brazil,BRA,2018,9300.66072904004,75.633,70.4342825404361,12.329
Barbados,BRB,2018,21381.2426303209,76.378,70.72650146,8.321
Brunei Darussalam,BRN,2018,30988.1190267227,74.992,95.0,8.7
Bhutan,BTN,2018,3400.20417245342,71.711,63.48680115,3.35
Canada,CAN,2018,46539.1761570405,81.8036585365854,94.64,5.837
Switzerland,CHE,2018,85217.3691512274,83.7536585365854,91.80000305,4.713
Chile,CHL,2018,15659.4808675628,80.559,84.90000153,7.673
China,CHN,2018,10085.6638148819,77.709,65.35839844,4.93
Colombia,COL,2018,6816.96818309544,76.579,64.1263768204459,9.36
Cabo Verde,CPV,2018,4294.96510035729,74.84,59.5,12.2
Costa Rica,CRI,2018,12590.2493781614,80.09,73.4797284369906,9.01
Cuba,CUB,2018,8911.46205998726,77.426,62.6789236230601,1.7
Cyprus,CYP,2018,29120.375,81.556,84.4335825186889,8.504
Czechia,CZE,2018,23705.9329811299,79.0292682926829,80.6881675434288,2.246
Germany,DEU,2018,48916.1686612154,80.8926829268293,87.037112092841,3.384
Denmark,DNK,2018,61324.7665045565,80.9536585365854,97.3192043651002,5.131
Dominican Republic,DOM,2018,7882.98221584944,73.555,74.8220483597284,5.861
East Asia & Pacific (excluding high income),EAP,2018,8045.94630458507,75.57828618156,59.1,4.29576429272136
East Asia & Pacific,EAS,2018,11438.8584591418,76.3914229383171,62.5,4.18374138704074
Europe & Central Asia (excluding high income),ECA,2018,5996.28775888893,74.5927989243036,65.8,9.55419019900825
Europe & Central Asia,ECS,2018,25408.6379771601,78.0318405978087,78.1,7.02629646077746
Ecuador,ECU,2018,6303.91886658338,77.248,57.5,3.396
"Egypt, Arab Rep.",EGY,2018,2484.70315630508,70.974,46.92433676792,9.855
Spain,ESP,2018,30602.4212881113,83.4317073170732,86.107235525659,15.255
Estonia,EST,2018,23618.1361254581,78.2439024390244,89.3570077747426,5.412
Finland,FIN,2018,49654.2497035329,81.7341463414634,88.8899599985585,7.361
France,FRA,2018,41418.1766484844,82.6756097560976,82.0431867788484,9.018
United Kingdom,GBR,2018,43702.9976303165,81.2560975609756,90.692008988783,4.145
Georgia,GEO,2018,4804.0546040444,73.985,62.7179081974285,12.667
"Gambia, The",GMB,2018,696.219806960615,64.034,28.30900002,4.055
Guinea-Bissau,GNB,2018,808.531613218504,61.652,15.69999981,3.127
Greece,GRC,2018,19873.4015238771,81.7878048780488,72.2383733920483,19.179
Grenada,GRD,2018,10083.021279225,74.957,61.42459869,13.658
Guatemala,GTM,2018,4352.94593289707,71.496,41.5,2.283
Guyana,GUY,2018,6048.38697180418,68.829,48.59889984,13.627
High income,HIC,2018,41094.8560877186,79.9666388096738,86.3,5.09766638604331
"Hong Kong SAR, China",HKG,2018,48537.5668888343,84.869756097561,90.5073953294283,2.805
Honduras,HND,2018,2464.64241531918,72.001,36.0400608231468,5.648
Croatia,HRV,2018,15460.3669595491,77.919512195122,75.2946259897258,8.322
Hungary,HUN,2018,16605.0570511887,76.0658536585366,76.0743606365063,3.667
IBRD only,IBD,2018,6394.19484299789,73.794943952938,50.3,6.33894806348842
IDA & IBRD total,IBT,2018,5085.50217477104,71.1530163508746,42.9,6.18436445112337
Indonesia,IDN,2018,3860.95353090726,70.08,39.9046386385762,4.387
India,IND,2018,1966.25455171679,70.415,20.0813000379384,7.652
Ireland,IRL,2018,80804.1123164826,82.2048780487805,87.0001401148942,5.741
"Iran, Islamic Rep.",IRN,2018,4783.01067340237,76.621,70.2005650008363,12.195
Iceland,ISL,2018,75633.8651351915,82.8609756097561,99.0109539916991,2.704
Israel,ISR,2018,42362.6652754196,82.8024390243903,83.7331569615326,3.917
Italy,ITA,2018,34904.1081923834,83.3463414634146,74.3871829234822,10.538
Jamaica,JAM,2018,5976.90362644337,71.606,68.2145170876072,5.47
Jordan,JOR,2018,4145.43989673265,76.491,65.2,18.257
Japan,JPN,2018,39751.1330982711,84.2109756097561,88.7463508901772,2.467
Kyrgyz Republic,KGZ,2018,1283.5203037417,71.4,62.8,4.559
"Korea, Rep.",KOR,2018,35363.9508228687,82.6268292682927,96.0228595797887,3.824
Latin America & Caribbean (excluding high income),LAC,2018,8484.48335233409,74.8906731016397,62.6,7.9508071678365
St. Lucia,LCA,2018,11642.6984727769,72.655,60.11259842,19.116
Latin America & Caribbean,LCN,2018,8778.37906311973,75.052717198381,63.5,7.94652445177921
Sri Lanka,LKA,2018,4358.56095906047,76.485,28.33620071,4.318
Lower middle income,LMC,2018,2085.0452543512,68.2810033644819,27.2,6.49486100536327
Lithuania,LTU,2018,19247.2315367967,75.6804878048781,79.7225827680518,6.147
Luxembourg,LUX,2018,116926.759593905,82.2951219512195,97.061298705829,5.589
Latvia,LVA,2018,17252.1710428626,74.7829268292683,83.5771748630956,7.412
"Macao SAR, China",MAC,2018,83588.2875009014,83.6780487804878,83.7940896091516,1.803
Moldova,MDA,2018,4156.44981956646,70.236,72.54239655,1.239
"Middle East, North Africa, Afghanistan & Pakistan",MEA,2018,5545.88899607591,70.9403213532696,42.3,7.21865096593822
Mexico,MEX,2018,10084.7937562021,74.301,56.6595667981289,3.275
North Macedonia,MKD,2018,6713.98925398989,76.6487804878049,79.1677551850871,21.208
Mali,MLI,2018,996.379292136901,58.873,21.39999962,1.62
Malta,MLT,2018,33382.2677499267,82.2487804878049,81.6580442928014,3.956
Myanmar,MMR,2018,1298.21310327675,66.232,29.37899971,0.767
Montenegro,MNE,2018,8673.59128084795,77.8853658536585,71.5171004874886,15.19
Mongolia,MNG,2018,4107.64288528468,70.8270731707317,47.1300018848989,5.377
Mauritius,MUS,2018,11818.7480619272,74.4163414634146,58.596169704299,6.426
Malaysia,MYS,2018,10901.8019954421,75.734,81.2010486181174,3.3
North America,NAC,2018,60890.5689258698,78.960276789842,89.1,4.10721129091519
Namibia,NAM,2018,5308.60813408705,62.579,42.8207016,19.877
Nicaragua,NIC,2018,2035.16549390507,73.879,33.9129982,5.2
Netherlands,NLD,2018,53955.0770024266,81.8121951219512,91.8918918918919,3.832
Norway,NOR,2018,82792.8427113304,82.7585365853659,96.4916579887094,3.801
New Zealand,NZL,2018,43257.0769238879,81.7073170731707,89.0,4.33
Oman,OMN,2018,19901.7615642016,79.864,85.5,1.8
Pakistan,PAK,2018,1569.33814626355,66.481,15.34000015,4.083
Panama,PAN,2018,16151.3273433486,78.266,61.8055313202468,5.313
Peru,PER,2018,6978.49121548627,76.018,55.0543342443197,3.492
Philippines,PHL,2018,3168.51036609727,69.761,44.09999847,2.338
Poland,POL,2018,15658.2120316794,77.6024390243903,77.5417345350006,3.835
Puerto Rico (US),PRI,2018,30679.9181934488,81.086,70.8563997424362,9.2
Portugal,PRT,2018,23541.1401075289,81.3243902439024,74.6609681487507,6.966
Paraguay,PRY,2018,6258.44991640984,73.627,64.9935430235756,6.217
West Bank and Gaza,PSE,2018,3562.33094270256,75.38,64.3999937114499,26.256
Qatar,QAT,2018,71039.9308240078,82.714,99.6528491261175,0.104
Romania,ROU,2018,12416.134317959,75.3585365853659,70.6812779273268,4.187
Russian Federation,RUS,2018,11211.8876953125,72.6621951219512,80.8647218726954,4.871
Rwanda,RWA,2018,771.773511207309,66.354,19.16659927,10.759
South Asia,SAS,2018,1988.3663331799,70.6523573971364,20.9,7.59582449059332
Saudi Arabia,SAU,2018,29360.0658968566,78.75,93.3100018480347,6.029
Singapore,SGP,2018,66881.6067035265,83.2975609756098,88.1656360313447,3.878
Sierra Leone,SLE,2018,845.914540460932,59.059,14.42230034,3.192
El Salvador,SLV,2018,4183.54620971358,71.384,43.79999924,4.006
Serbia,SRB,2018,7559.86165747394,75.890243902439,73.360709154564,12.733
Slovak Republic,SVK,2018,19573.3717031314,77.2658536585366,80.4489224826099,6.544
Slovenia,SVN,2018,25888.0481065655,81.3780487804878,79.7499765956562,5.108
Sweden,SWE,2018,54018.4554391861,82.5585365853659,89.2469631588137,6.365
Seychelles,SYC,2018,18440.2340460932,72.8414634146341,69.23660278,3.528
Chad,TCD,2018,948.656629871231,52.447,6.956299782,1.135
East Asia & Pacific (IDA & IBRD countries),TEA,2018,8136.37041895137,75.6101241544348,59.8,4.29576429272136
Europe & Central Asia (IDA & IBRD countries),TEC,2018,8911.87742979014,74.2976622013592,71.8,6.9518608542437
Thailand,THA,2018,7099.77650081458,77.19,56.8174809301456,0.765
Latin America & the Caribbean (IDA & IBRD countries),TLA,2018,8620.46890240755,74.9760978010797,63.5,8.05678539022162
Tonga,TON,2018,4675.04791274385,72.169,48.80789948,2.248
South Asia (IDA & IBRD),TSA,2018,1988.3663331799,70.6523573971364,20.9,7.59582449059332
Tunisia,TUN,2018,3628.10366464236,75.37,64.1908102327387,15.459
Turkiye,TUR,2018,9684.11819884721,77.454,71.0427608433809,10.958
Ukraine,UKR,2018,3059.0517578125,73.569,62.5531553933869,8.799
Upper middle income,UMC,2018,8569.23675625056,75.8217431147146,62.2,6.1441145101173
Uruguay,URY,2018,19249.9404677501,77.527,80.7268428795854,8.336
United States,USA,2018,62499.8744390068,78.6390243902439,88.498903165152,3.896
Uzbekistan,UZB,2018,1813.08530813664,71.999,55.2000006732722,9.3
Viet Nam,VNM,2018,3222.31003125366,74.1,69.8479286837965,1.161
World,WLD,2018,11309.3830773178,72.6433686298045,49.4,5.96717403641778
Kosovo,XKX,2018,4384.18796444738,77.117,89.4430319734879,27.761
South Africa,ZAF,2018,6914.1780318076,65.726,62.40000153,26.906
Zambia,ZMB,2018,1463.89997855593,62.138,14.2999970950012,5.032
Africa Western and Central,AFW,2019,2216.38505520833,57.149956341607,28.5,3.68977741814512
Angola,AGO,2019,2493.67884440177,63.051,32.12939835,16.431
Albania,ALB,2019,6069.43903131027,79.467,68.5503911218006,11.466
United Arab Emirates,ARE,2019,45938.6073581994,82.596,99.1499979561243,2.331
Argentina,ARG,2019,9955.97478680428,76.847,79.9469520347551,9.843
Armenia,ARM,2019,4597.22887399548,76.2219512195122,66.5439496866159,9.794
Australia,AUS,2019,55194.7585097428,82.9,93.60990143,5.143
Austria,AUT,2019,49885.9947355204,81.8951219512195,87.7522047870069,4.56
Azerbaijan,AZE,2019,4805.75371765917,73.29,81.0999990651547,5.004
Belgium,BEL,2019,46716.6227467964,81.9951219512195,90.275428012141,5.364
Benin,BEN,2019,1130.82135339795,59.888,20.50099945,1.214
Burkina Faso,BFA,2019,764.853077774946,60.184,9.27180600953186,1.56
Bulgaria,BGR,2019,10353.7204584127,75.1121951219512,67.9469809417603,4.148
"Bahamas, The",BHS,2019,33640.3369861278,71.408,90.69329834,9.336
Bosnia and Herzegovina,BIH,2019,6122.37541352353,77.394,69.9463476317266,15.692
Belarus,BLR,2019,6837.77339645635,74.2268292682927,82.7891520910901,4.165
Belize,BLZ,2019,6171.61449761423,72.577,58.76520157,9.053
Bolivia,BOL,2019,4203.15492855788,67.82,47.4748191121692,3.682
Brazil,BRA,2019,9029.83304401079,75.809,73.9124399133589,11.936
Barbados,BRB,2019,21912.1501242857,76.495,70.30709839,8.41
Brunei Darussalam,BRN,2019,30426.5730656528,75.049,95.0,6.6
Bhutan,BTN,2019,3576.87987100503,72.005,74.17939758,2.72
Botswana,BWA,2019,7172.08956480028,67.167,48.82279968,20.094
Canada,CAN,2019,46352.8693445211,82.1585365853659,91.91290283,5.69
Switzerland,CHE,2019,84121.9310304414,83.9048780487805,93.1460869535177,4.394
Chile,CHL,2019,14495.716721687,80.324,85.01760101,7.559
China,CHN,2019,10342.9009524335,77.94,64.080881297515,5.15
Cote d'Ivoire,CIV,2019,2141.76836170115,60.274,36.2889545655205,2.401
Colombia,COL,2019,6472.54544924705,76.793,65.0069007159493,10.28
Cabo Verde,CPV,2019,4380.78117331128,75.449,61.9433977593088,11.3
Costa Rica,CRI,2019,12884.6859951989,80.296,81.2025964435269,10.807
Cyprus,CYP,2019,29227.173828125,81.454,86.0636299618935,7.155
Czechia,CZE,2019,24062.7190013343,79.2292682926829,80.8669444139622,2.015
Germany,DEU,2019,47656.199739747,81.2926829268293,88.1345169091916,3.163
Denmark,DNK,2019,59404.2663247723,81.4512195121951,98.0464347521549,5.018
Dominican Republic,DOM,2019,8183.01623600375,73.112,79.71549988,6.356
East Asia & Pacific (excluding high income),EAP,2019,8286.3981179292,75.7689690321509,64.0,4.33671121711751
East Asia & Pacific,EAS,2019,11622.8915284736,76.5862412994962,67.1,4.20764102715085
Europe & Central Asia (excluding high income),ECA,2019,6069.27407282315,74.8158340567546,70.3,10.1761416579533
Europe & Central Asia,ECS,2019,25020.8648271756,78.3038716113385,80.3,6.77316025142154
Ecuador,ECU,2019,6205.05765246766,77.286,59.2,3.703
"Egypt, Arab Rep.",EGY,2019,2962.98892023003,71.213,57.2828663990195,7.851
Spain,ESP,2019,29786.5245689007,83.8317073170732,90.718665325267,14.104
Estonia,EST,2019,24021.2501413306,78.6463414634147,90.2289281997919,4.514
Finland,FIN,2019,48358.1807773701,81.9829268292683,89.6073851129779,6.695
France,FRA,2019,40408.2848574751,82.8268292682927,83.3397440866883,8.415
United Kingdom,GBR,2019,43158.7411267323,81.3691219512195,92.5166285497138,3.657
Georgia,GEO,2019,4741.2832715876,74.165,68.8467135616978,11.565
Guinea,GIN,2019,1031.34146480732,59.379,23.89049911,5.018
Guinea-Bissau,GNB,2019,811.216425885129,62.161,17.92149925,2.52
Greece,GRC,2019,19335.3602002969,81.6390243902439,75.6712066931757,17.045
Grenada,GRD,2019,10462.7929159533,74.971,64.31279755,9.788
Guatemala,GTM,2019,4511.99839552697,71.639,44.401049838502,2.193
Guyana,GUY,2019,6405.82443444562,69.067,55.31269836,13.172
High income,HIC,2019,41342.2066107349,80.1992640609664,87.5,4.77669389893653
"Hong Kong SAR, China",HKG,2019,48359.0011950597,85.1558536585366,91.7434003891587,2.917
Honduras,HND,2019,2502.32744328073,72.124,39.3883521850111,5.698
Croatia,HRV,2019,15563.5987295029,78.2243902439024,79.0797836757554,6.551
Hungary,HUN,2019,17012.8598553199,76.3195121951219,80.3716936050482,3.411
IBRD only,IBD,2019,6476.07259783679,74.031271888226,56.3,6.1620754538284
IDA & IBRD total,IBT,2019,5167.89523774326,71.3939314839846,47.8,5.90141032425619
IDA blend,IDB,2019,2205.87361894796,61.3259973798573,26.9,4.89504861283081
Indonesia,IDN,2019,4106.94856160358,70.349,47.6906489788375,3.59
India,IND,2019,2041.42863698585,70.746,29.52350044,6.51
Ireland,IRL,2019,81827.6688873996,82.7024390243903,87.0000552425146,4.95
"Iran, Islamic Rep.",IRN,2019,3997.4935449585,76.855,72.4509047672065,10.74
Iceland,ISL,2019,69296.3144361601,83.1634146341463,99.5049411693787,3.507
Israel,ISR,2019,44250.6313628073,82.8048780487805,86.7878776180583,3.731
Italy,ITA,2019,33812.788724868,83.4975609756098,67.8507102874836,9.884
Jamaica,JAM,2019,6030.68896415921,71.532,70.8410169743356,4.987
Jordan,JOR,2019,4170.1144003465,76.865,70.08470154,16.801
Japan,JPN,2019,40415.9567649547,84.3563414634146,92.7303978145525,2.351
Kenya,KEN,2019,1960.40808854893,62.939,22.6687733618171,5.014
Kyrgyz Republic,KGZ,2019,1421.99927504102,71.6,64.1,5.45
Cambodia,KHM,2019,2225.87705485686,70.127,52.305878224498,0.499
Kiribati,KIR,2019,1750.9977188915,65.866,41.79299927,8.557
"Korea, Rep.",KOR,2019,33826.9443301597,83.2268292682927,96.157579184239,3.746
Latin America & Caribbean (excluding high income),LAC,2019,8282.78290882792,75.0513524613511,67.9,8.12807004068452
Lebanon,LBN,2019,8905.88005497437,78.208,81.48120117,11.301
St. Lucia,LCA,2019,11794.0597229805,72.249,61.08050156,15.344
Latin America & Caribbean,LCN,2019,8539.39776066424,75.2042598654921,67.8,8.1198760192559
Sri Lanka,LKA,2019,4081.94772722003,76.698,32.02090073,4.67
Lower middle income,LMC,2019,2228.84805859217,68.5574256254118,33.4,5.66689390760758
Lesotho,LSO,2019,1082.05706777516,55.249,42.301733569273,16.876
Lithuania,LTU,2019,19608.7943945553,76.2829268292683,81.5818683764046,6.255
Luxembourg,LUX,2019,112696.649059674,82.6390243902439,97.120635693272,5.592
Latvia,LVA,2019,17294.9751600969,75.3878048780488,86.13545644343,6.312
"Macao SAR, China",MAC,2019,81882.6964523869,83.9292682926829,86.4679257062588,1.73
Moldova,MDA,2019,4405.33418162155,70.181,73.32610321,1.502
Maldives,MDV,2019,11740.2724029785,79.707,77.46970367,4.562
"Middle East, North Africa, Afghanistan & Pakistan",MEA,2019,5412.42875673528,71.2438695042576,46.0,6.95554915619972
Mexico,MEX,2019,10369.5553585271,74.53,69.6321092705209,3.477
Marshall Islands,MHL,2019,5292.33985502306,66.047,49.75749969,6.342
North Macedonia,MKD,2019,6718.85826635458,76.6024390243903,81.4128827618364,17.414
Mali,MLI,2019,971.949318638092,59.217,24.96030045,3.193
Malta,MLT,2019,32421.9179752262,82.6585365853659,85.7785963798031,4.08
Myanmar,MMR,2019,1425.98954241668,66.457,36.54050064,0.407
"Middle East, North Africa, Afghanistan & Pakistan (excluding high income)",MNA,2019,2695.63342343005,70.417484585256,41.5,7.54852245910619
Montenegro,MNE,2019,8749.02375172644,76.6829268292683,73.4766657478691,15.128
Mongolia,MNG,2019,4347.54610314873,71.0531707317073,51.079994082603,9.024
Mauritania,MRT,2019,1767.072710621,67.64,25.0977993,10.416
Mauritius,MUS,2019,11568.2533399824,74.2358536585366,61.7299551453346,6.331
Malaysia,MYS,2019,10920.191763972,75.9,84.1871450078281,3.3
North America,NAC,2019,62874.6117089583,79.1328897249464,89.7,3.890566885067
Niger,NER,2019,561.691304349698,60.031,11.28549957,0.531
Nigeria,NGA,2019,3189.81286498516,53.009,29.74410057,4.448
Netherlands,NLD,2019,53554.9007491475,82.1121951219512,93.2885906040269,3.379
Norway,NOR,2019,76430.5889473338,82.9585365853659,98.0000043853142,3.684
New Zealand,NZL,2019,42855.831861632,82.0560975609756,89.86370087,4.112
Oman,OMN,2019,19180.1864152801,79.946,90.25939941,2.765
Pakistan,PAK,2019,1390.41690981745,66.729,17.070901719916,4.83
Panama,PAN,2019,16477.9066268111,78.514,63.6284147731451,6.409
Peru,PER,2019,7037.00803692604,76.275,59.9505036049006,3.379
Philippines,PHL,2019,3400.78949767074,69.68,43.0266118680279,2.237
Poland,POL,2019,15874.5220531254,77.9048780487805,80.4359068768673,3.267
Puerto Rico (US),PRI,2019,31830.5284993358,81.438,77.7364393708352,8.3
Portugal,PRT,2019,23343.3628970034,81.6756097560976,75.3463779408712,6.422
Paraguay,PRY,2019,5821.18199548738,73.668,68.5176284222264,6.595
West Bank and Gaza,PSE,2019,3656.85827137011,75.811,70.6225837001758,25.34
Qatar,QAT,2019,66841.3623185691,82.945,99.6528042086389,0.1
Romania,ROU,2019,12909.6104013244,75.6073170731707,73.6574757545465,3.912
Russian Federation,RUS,2019,11447.701171875,73.0839024390244,82.6421618670668,4.513
Rwanda,RWA,2019,810.051412137354,66.691,21.3579998,11.236
South Asia,SAS,2019,2067.05975687637,70.9975623145981,29.7,6.47682958691194
Saudi Arabia,SAU,2019,29566.7933827436,78.313,95.7247355953812,5.636
Senegal,SEN,2019,1431.18128932159,67.668,43.37969971,2.863
Singapore,SGP,2019,65952.0378959293,83.5951219512195,88.9492526850762,3.125
El Salvador,SLV,2019,4320.11671534627,71.725,50.4911940673888,4.17
San Marino,SMR,2019,46630.1443120725,85.257,67.85070038,8.11
"Somalia, Fed. Rep.",SOM,2019,539.954816211694,57.249,2.731400013,18.828
Serbia,SRB,2019,7755.632986437,75.9365853658537,77.4167736219802,10.395
Slovak Republic,SVK,2019,19406.0589683582,77.6658536585366,82.8536605021784,5.761
Slovenia,SVN,2019,25814.1687167572,81.5292682926829,83.1083578026717,4.446
Sweden,SWE,2019,51648.9892820514,83.109756097561,94.4934434072202,6.833
Seychelles,SYC,2019,19141.5118743615,74.0463414634146,76.63420105,2.966
East Asia & Pacific (IDA & IBRD countries),TEA,2019,8379.36503263574,75.8042877234534,64.3,4.33671121711751
Europe & Central Asia (IDA & IBRD countries),TEC,2019,9058.74177112172,74.590946255432,75.2,7.02807593884589
Togo,TGO,2019,826.255209019798,61.061,20.72730064,2.036
Thailand,THA,2019,7605.69657797759,77.197,66.6524194587528,0.716
Latin America & the Caribbean (IDA & IBRD countries),TLA,2019,8362.63429845968,75.1319711493442,67.7,8.11816460703687
"Middle East, North Africa, Afghanistan & Pakistan (IDA & IBRD)",TMN,2019,2688.96932958269,70.3800917806817,41.3,7.39159249584192
South Asia (IDA & IBRD),TSA,2019,2067.05975687637,70.9975623145981,29.7,6.47682958691194
Trinidad and Tobago,TTO,2019,17212.6128892163,72.836,74.98670197,3.523
Tunisia,TUN,2019,3528.87213306798,75.599,66.6999983024144,17.153
Turkiye,TUR,2019,9395.23378001368,77.737,73.9767022871511,13.731
Uganda,UGA,2019,822.171150036357,66.354,11.72579956,2.563
Ukraine,UKR,2019,3619.86157226563,73.92,70.1248442995263,8.194
Upper middle income,UMC,2019,8657.73234539015,76.0291253616976,67.5,6.27685073481571
Uruguay,URY,2019,18315.7316980028,77.503,83.3515337667548,8.836
United States,USA,2019,64746.4506778863,78.7878048780488,89.4302848575712,3.669
Uzbekistan,UZB,2019,2041.38480729431,72.093,70.3999986481458,9.0
Viet Nam,VNM,2019,3440.90025375434,74.211,68.6615802057338,1.681
World,WLD,2019,11376.0818134476,72.8686343875761,53.9,5.6979643150283
South Africa,ZAF,2019,6533.71121032856,66.071,69.69689941,28.468
Zambia,ZMB,2019,1258.98619844462,62.914,14.47189999,5.538
Zimbabwe,ZWE,2019,2184.32923855469,61.06,26.5883007,7.373
Afghanistan,AFG,2020,510.787063366811,61.454,17.04850006,11.71
Angola,AGO,2020,1759.35619918264,63.116,33.32089996,16.033
Albania,ALB,2020,6027.91350716348,77.824,72.23767711,11.639
United Arab Emirates,ARE,2020,37991.7492971665,81.936,100.0,4.294
Argentina,ARG,2020,8535.59938004389,75.878,85.51438646,11.461
Armenia,ARM,2020,4268.68093304583,73.3756097560976,76.50770055,8.055
Australia,AUS,2020,51983.4523666382,83.2,94.6934967,6.394
Austria,AUT,2020,48716.4098900349,81.1926829268293,87.52942813,5.201
Azerbaijan,AZE,2020,4229.91064904503,70.312,84.59999573,7.243
Burundi,BDI,2020,255.8324539389,62.569,6.430099964,1.03
Belgium,BEL,2020,45906.2875805246,80.6951219512195,91.52641629,5.545
Bulgaria,BGR,2020,10760.211975413,73.3560975609756,70.16248359,5.037
Bosnia and Herzegovina,BIH,2020,6130.31187968266,76.04,73.21175294,15.868
Belarus,BLR,2020,6542.85579976768,72.1385609756098,85.08791245,4.049
Bolivia,BOL,2020,3580.96761778303,62.906,59.94010155,7.903
Brazil,BRA,2020,7074.19407495707,74.506,81.34269353,13.697
Brunei Darussalam,BRN,2020,26834.3592233943,75.114,96.30549622,7.409
Bhutan,BTN,2020,3191.66906999331,72.253,76.85079956,5.03
Botswana,BWA,2020,6323.2974967659,67.643,51.67819977,21.017
Canada,CAN,2020,43537.839298904,81.53,92.3,9.657
Switzerland,CHE,2020,85897.7843338323,83.0,94.34999847,4.817
Chile,CHL,2020,13114.815470545,79.349,87.45929718,11.18
China,CHN,2020,10627.4637989619,78.019,70.05275998,5.61
"Congo, Dem. Rep.",COD,2020,486.425572682256,60.428,14.51049995,1.466
Colombia,COL,2020,5339.68711357943,74.757,69.79533474,15.568
Costa Rica,CRI,2020,12394.0493969492,79.725,80.53018608,16.432
Cyprus,CYP,2020,28130.341796875,81.23,90.80194644,7.755
Czechia,CZE,2020,23472.8915454417,78.2268292682927,81.33889705,2.55
Germany,DEU,2020,47394.8734504469,81.0414634146342,89.81294133,3.881
Denmark,DNK,2020,60985.4885601514,81.6024390243903,96.54914573,5.644
Dominican Republic,DOM,2020,7135.22273255899,72.636,81.61730194,6.126
East Asia & Pacific (excluding high income),EAP,2020,8391.27634645494,75.6976393295064,72.2,4.81908679593954
East Asia & Pacific,EAS,2020,11639.4853357389,76.5433946923267,73.9,4.69774788942714
Europe & Central Asia (excluding high income),ECA,2020,5776.19343817718,73.5536868675669,74.5,9.2583485544062
Europe & Central Asia,ECS,2020,24167.3551199699,77.1754906029407,83.4,7.07497315803434
Ecuador,ECU,2020,5463.64515348598,72.004,70.7,6.084
"Egypt, Arab Rep.",EGY,2020,3511.11381026379,69.79,71.91420096,7.974
Spain,ESP,2020,27233.9426461608,82.2317073170732,93.20564892,15.532
Estonia,EST,2020,23933.9939421065,78.5951219512195,89.05828666,6.956
Finland,FIN,2020,48828.6846862799,81.9317073170732,92.17027106,7.759
France,FRA,2020,39169.8606000707,82.1756097560976,84.70639801,8.009
United Kingdom,GBR,2020,40812.6794663879,80.331756097561,94.81820132,4.518
Georgia,GEO,2020,4300.85701291207,73.509,72.53157487,11.734
Greece,GRC,2020,17886.733165236,81.2878048780488,78.11584474,15.899
Grenada,GRD,2020,8968.55890108484,75.019,65.65380096,12.974
High income,HIC,2020,40108.2348602411,79.2041448995884,88.4,6.50108707627547
"Hong Kong SAR, China",HKG,2020,46109.2299946609,85.4963414634146,92.41313602,5.808
Honduras,HND,2020,2307.61494319511,70.864,45.24829865,10.982
Croatia,HRV,2020,14807.5608543265,77.5243902439024,78.32090004,7.389
Hungary,HUN,2020,16386.9308821258,75.419512195122,84.77115202,4.248
IBRD only,IBD,2020,6191.51088391849,73.2951356970762,65.4,7.01381983665201
IDA & IBRD total,IBT,2020,4923.57218418891,70.7488503512362,55.1,6.75477950617918
Indonesia,IDN,2020,3853.70288774146,68.817,53.72649449,4.255
India,IND,2020,1907.04251637669,70.156,43.40544313,7.859
Ireland,IRL,2020,86514.0706108754,82.4560975609756,91.99989097,5.623
"Iran, Islamic Rep.",IRN,2020,3202.50003502169,74.141,75.56986637,9.687
Iceland,ISL,2020,60127.9393575616,83.0634146341463,99.5327519,5.478
Israel,ISR,2020,44575.5719045492,82.6487804878049,90.12734091,4.169
Italy,ITA,2020,32091.4866621366,82.1951219512195,70.48342785,9.192
Jamaica,JAM,2020,5299.04530804283,71.452,76.38400269,6.501
Jordan,JOR,2020,4022.0401356135,75.583,78.4178009,19.213
Japan,JPN,2020,40028.7341726762,84.56,90.21945812,2.809
Kazakhstan,KAZ,2020,8781.50797787648,71.195,85.94259898,4.9
Kyrgyz Republic,KGZ,2020,1229.51766602907,71.8,72.0,5.945
Cambodia,KHM,2020,2081.73914242939,70.059,56.37590027,0.172
Kiribati,KIR,2020,1751.78249168214,65.205,52.95090103,10.971
"Korea, Rep.",KOR,2020,33645.7719545073,83.4268292682927,96.50506052,3.931
Latin America & Caribbean (excluding high income),LAC,2020,6904.27677369596,72.8759217271338,73.3,10.4506699434956
St. Lucia,LCA,2020,8411.07474936367,72.308,62.06399918,20.405
Latin America & Caribbean,LCN,2020,7168.64740599577,73.1889367681402,73.8,10.4889004046567
Sri Lanka,LKA,2020,3847.60137695639,76.928,36.18473435,5.364
Lower middle income,LMC,2020,2121.61421722256,68.040356336938,42.5,6.78559389633313
Lithuania,LTU,2020,20428.6478157394,75.0292682926829,83.05554724,8.487
Luxembourg,LUX,2020,116860.02817236,82.1439024390244,98.45962893,6.766
Latvia,LVA,2020,17564.2321549354,75.1853658536585,88.89796078,8.098
"Macao SAR, China",MAC,2020,36883.6652578543,84.1292682926829,87.46230316,2.542
Moldova,MDA,2020,4375.7788930524,69.914,74.11830139,1.206
"Middle East, North Africa, Afghanistan & Pakistan",MEA,2020,4742.76402632259,69.9110789555644,50.6,7.80823506588111
Mexico,MEX,2020,8841.27075039868,70.449,71.49017499,4.378
North Macedonia,MKD,2020,6659.59651070776,74.3951219512195,81.40553811,16.575
Mali,MLI,2020,953.242943290974,58.858,29.11300087,3.528
Malta,MLT,2020,31823.4363934505,82.0975609756098,86.85876183,4.856
Myanmar,MMR,2020,1490.21683599469,66.612,45.4477005,1.476
"Middle East, North Africa, Afghanistan & Pakistan (excluding high income)",MNA,2020,2408.49731335268,69.050634286622,46.4,8.26365189720738
Montenegro,MNE,2020,7538.53635992191,75.9317073170732,77.60879306,17.878
Mongolia,MNG,2020,4001.25193077703,71.3490243902439,62.50002848,6.413
Mauritius,MUS,2020,9135.84773751062,74.1770731707317,67.73290684,8.626
Malawi,MWI,2020,602.507478176106,65.216,13.89949989,0.907
Malaysia,MYS,2020,9957.52626697613,76.057,89.55501192,4.5
North America,NAC,2020,61468.3372208474,77.4492830759645,90.5,8.23059990715153
Netherlands,NLD,2020,53467.9277413737,81.3585365853659,91.33333333,3.82
Norway,NOR,2020,68340.0181033702,83.209756097561,94.60755647,4.424
New Zealand,NZL,2020,41997.7830324279,82.2560975609756,90.92099762,4.602
Oman,OMN,2020,16784.8630630058,77.763,95.23229321,2.94
Pakistan,PAK,2020,1278.39735206896,65.701,18.935,6.74
Panama,PAN,2020,13290.5608397749,76.33,64.82430267,18.548
Peru,PER,2020,6133.32552410183,73.832,65.25179796,7.179
Philippines,PHL,2020,3227.57910235199,70.097,53.76490021,2.522
Poland,POL,2020,16150.9304813473,76.4,83.18488715,3.155
Portugal,PRT,2020,22299.4044062173,81.3292682926829,78.26166044,6.85
Paraguay,PRY,2020,5365.47220721104,72.72,73.95751114,7.548
West Bank and Gaza,PSE,2020,3233.56863835858,74.998,76.18160248,25.895
Qatar,QAT,2020,51683.5681078949,80.409,99.65284913,0.1
Romania,ROU,2020,13009.1770573223,74.2536585365854,78.45526895,5.035
Russian Federation,RUS,2020,10108.3271484375,71.3387804878049,84.99466978,5.62
Rwanda,RWA,2020,778.701498925026,66.953,23.8,11.829
South Asia,SAS,2020,1957.20343722686,70.3622206982499,42.5,7.81780734350757
Saudi Arabia,SAU,2020,24338.8307301067,77.596,97.8623325,7.66
Singapore,SGP,2020,61410.0792630788,83.5439024390244,92.00434653,5.231
El Salvador,SLV,2020,3997.19279583709,70.244,54.60136976,5.008
San Marino,SMR,2020,44326.9556746411,82.65,77.94999695,7.912
Serbia,SRB,2020,8098.70955668849,74.4780487804878,78.36804864,9.011
Slovak Republic,SVK,2020,19735.4858280801,76.8658536585366,89.92090413,6.719
Slovenia,SVN,2020,25392.0651093612,80.5317073170732,86.60130109,4.971
Sweden,SWE,2020,52568.5726980146,82.3560975609756,94.53943122,8.291
Seychelles,SYC,2020,14041.4754074575,77.2365853658537,79.25170135,4.311
East Asia & Pacific (IDA & IBRD countries),TEA,2020,8485.32855185979,75.7338497054699,72.7,4.81908679593954
Europe & Central Asia (IDA & IBRD countries),TEC,2020,8478.35038656806,73.1492512511888,78.6,7.15506606705108
Thailand,THA,2020,6985.64393892574,77.331,77.84374066,1.099
Latin America & the Caribbean (IDA & IBRD countries),TLA,2020,6964.3711102796,73.0747493617473,73.8,10.4688448706411
"Middle East, North Africa, Afghanistan & Pakistan (IDA & IBRD)",TMN,2020,2402.73480964452,69.0090964026373,46.2,8.1187692536446
South Asia (IDA & IBRD),TSA,2020,1957.20343722686,70.3622206982498,42.5,7.81780734350757
Trinidad and Tobago,TTO,2020,15283.6270531554,72.645,77.28130341,4.206
Turkiye,TUR,2020,8798.11791709313,76.525,77.6695605,13.155
Tanzania,TZA,2020,1117.41528320313,66.771,19.48139954,1.792
Ukraine,UKR,2020,3709.76928710938,73.283,75.03790912,9.475
Upper middle income,UMC,2020,8346.18727671435,75.2312636272767,74.9,6.95584831852077
Uruguay,URY,2020,15757.5355995779,78.381,85.47100067,10.413
United States,USA,2020,63515.9491807833,76.9804878048781,90.34470367,8.055
Uzbekistan,UZB,2020,1978.28051860763,71.461,71.09999824,5.293
"Venezuela, RB",VEN,2020,1506.0436210041,72.369,72.44110107,7.526
Viet Nam,VNM,2020,3534.03953482647,75.383,70.30000012,2.103
World,WLD,2020,10937.6846205191,72.181968378825,60.1,6.72824524291976
South Africa,ZAF,2020,5580.60383075189,65.15,72.1128006,29.217
Zambia,ZMB,2020,951.644316655957,63.361,14.64579964,6.032
Afghanistan,AFG,2021,356.496214115892,60.417,16.51429939,5.679
Angola,AGO,2021,2303.90812662776,62.958,34.55649948,15.806
Albania,ALB,2021,7242.45513146613,76.844,79.32371752,11.474
United Arab Emirates,ARE,2021,44118.5047192771,79.083,100.0,3.105
Argentina,ARG,2021,10738.0179223384,73.948,87.15070683,8.736
Armenia,ARM,2021,4685.17997128509,72.2780487804878,78.61225758,8.418
Australia,AUS,2021,60758.9044397144,83.3,96.97219849,5.022
Austria,AUT,2021,53648.6437976214,81.190243902439,92.52915104,6.459
Azerbaijan,AZE,2021,5408.04535175023,70.999,85.99998954,6.039
Belgium,BEL,2021,51658.238294958,81.790243902439,92.78867618,6.248
Bulgaria,BGR,2021,12966.1457543396,71.2121951219512,75.27144583,5.166
Bosnia and Herzegovina,BIH,2021,7295.34378682258,74.567,75.67620138,14.897
Belarus,BLR,2021,7489.71894713888,72.0714634146342,86.88841196,3.9
Bolivia,BOL,2021,4010.76053686204,61.427,65.9773785,4.936
Brazil,BRA,2021,7972.53696080695,73.038,80.68989314,13.158
Barbados,BRB,2021,21079.6145271791,76.58,69.4756012,11.015
Brunei Darussalam,BRN,2021,31006.9636289785,74.869,97.62879944,4.905
Bhutan,BTN,2021,3570.61257980872,72.448,85.63688389,4.803
Botswana,BWA,2021,7807.88794570471,63.303,54.70069885,23.106
Canada,CAN,2021,52886.6616372703,81.4514634146342,93.93710327,7.527
Switzerland,CHE,2021,93664.7736696111,83.7512195121951,95.56937154,5.013
Chile,CHL,2021,16206.8325493421,78.876,90.23280334,9.417
China,CHN,2021,12887.4357242941,78.117,73.05323517,5.11
Cameroon,CMR,2021,1672.32657340872,61.146,38.89260101,3.275
Colombia,COL,2021,6222.62164397614,72.698,73.02837449,13.898
Comoros,COM,2021,1554.97289190153,65.201,30.68120003,4.394
Costa Rica,CRI,2021,12838.1185358931,78.05,82.74901607,15.139
Cyprus,CYP,2021,32937.83984375,80.573,90.75951564,7.513
Czechia,CZE,2021,27696.4619527544,77.2219512195122,82.67062427,2.803
Germany,DEU,2021,52349.2459994422,80.790243902439,91.43060973,3.54
Denmark,DNK,2021,69340.7334922138,81.4048780487805,98.8658506,5.065
Dominican Republic,DOM,2021,8527.0754858205,71.757,85.24298638,7.702
East Asia & Pacific (excluding high income),EAP,2021,9974.57829690175,75.2781418410849,77.6,4.5486026424833
East Asia & Pacific,EAS,2021,13336.4841670883,76.152941315904,78.8,4.4341459633891
Europe & Central Asia (excluding high income),ECA,2021,6673.97429035651,72.8823762052943,79.1,10.0135143827282
Europe & Central Asia,ECS,2021,27664.8914080918,76.72864297207,86.3,6.95928756059017
Ecuador,ECU,2021,6061.32350181711,72.746,69.1147995,4.434
"Egypt, Arab Rep.",EGY,2021,3827.35415374308,68.976,72.05599976,7.441
Spain,ESP,2021,30799.4775937775,83.1780487804878,93.89752157,14.914
Estonia,EST,2021,27951.1659277744,76.9439024390244,90.97970174,6.178
Ethiopia,ETH,2021,893.00983544905,65.33,16.6981031,3.935
Finland,FIN,2021,53099.1351400148,81.8853658536585,92.80806082,7.617
France,FRA,2021,43725.0999521245,82.3243902439024,86.09548575,7.871
United Kingdom,GBR,2021,47691.3768799404,80.6473170731707,96.19650269,4.864
Georgia,GEO,2021,5083.60695484577,71.635,76.4427093,11.83
Ghana,GHA,2021,2445.18662529344,64.286,68.6,3.195
Greece,GRC,2021,20654.7001960815,80.0829268292683,78.49426371,14.656
Grenada,GRD,2021,9617.28902905373,74.522,67.02279663,13.035
Guatemala,GTM,2021,4912.62240414681,67.858,50.84164945,2.174
High income,HIC,2021,45081.6648348438,78.7981627051457,90.0,5.59997662464801
"Hong Kong SAR, China",HKG,2021,49770.5642374739,85.5326829268293,93.08715788,5.174
Honduras,HND,2021,2735.14751503977,69.492,51.95159912,8.506
Croatia,HRV,2021,17788.7865816658,76.4243902439025,81.25396608,7.483
Hungary,HUN,2021,19030.628130329,74.0658536585366,88.64083466,4.021
IBRD only,IBD,2021,7314.52836425795,71.974203378406,70.3,6.42562443865684
IDA & IBRD total,IBT,2021,5754.24675079938,69.6679287075032,59.3,6.30789312532423
Indonesia,IDN,2021,4287.17313995098,67.452,62.10447842,3.827
India,IND,2021,2239.61384367482,67.282,49.2580986,6.38
Ireland,IRL,2021,103783.446284479,82.2536585365854,93.50610352,6.357
"Iran, Islamic Rep.",IRN,2021,4605.14881318992,73.752,78.5957366,9.282
Iraq,IRQ,2021,4868.49431080783,70.704,65.00219727,16.173
Iceland,ISL,2021,70425.4064277273,83.1658536585366,99.68701957,6.029
Israel,ISR,2021,52270.9040241956,82.5,90.29689758,4.812
Italy,ITA,2021,36852.5425414951,82.6463414634146,74.8623274,9.497
Jamaica,JAM,2021,5625.67806271236,69.085,82.36071561,5.188
Jordan,JOR,2021,4183.49998326866,74.204,85.999997,19.837
Japan,JPN,2021,40094.5599795288,84.4456097560976,82.91407928,2.808
Kenya,KEN,2021,2061.35622089594,61.225,26.96290016,5.585
Kyrgyz Republic,KGZ,2021,1349.99730650542,71.9,77.11769867,5.149
Cambodia,KHM,2021,2167.40324198499,69.301,60.76269913,0.396
"Korea, Rep.",KOR,2021,37518.4635305697,83.5268292682927,97.57132698,3.639
Latin America & Caribbean (excluding high income),LAC,2021,7970.6164425206,71.4377016432982,75.3,9.18510609479714
St. Lucia,LCA,2021,10459.1321248092,69.119,63.06330109,19.58
Latin America & Caribbean,LCN,2021,8291.07156305024,71.8141762189306,75.8,9.23872746466015
Sri Lanka,LKA,2021,3996.96240014909,76.278,44.45308724,4.981
Lower middle income,LMC,2021,2369.9577651033,66.3662902978306,47.4,6.16463948856309
Lithuania,LTU,2021,23870.4594851722,74.0365853658537,86.93054425,7.112
Luxembourg,LUX,2021,134965.815442152,82.5975609756098,98.66086333,5.571
Latvia,LVA,2021,20261.8887788916,72.9804878048781,91.17964988,7.513
Morocco,MAR,2021,3785.93627929688,73.385,88.13031937,12.3
Moldova,MDA,2021,5274.60582195352,68.991,74.91899872,0.794
"Middle East, North Africa, Afghanistan & Pakistan",MEA,2021,5615.91186098726,69.7113193479505,54.2,7.82706080297865
Mexico,MEX,2021,10314.0506722115,69.75,75.62650476,3.941
Marshall Islands,MHL,2021,6315.31279603534,65.421,63.97259903,9.823
North Macedonia,MKD,2021,7620.80296977508,73.2463414634146,81.873703,15.801
Malta,MLT,2021,38096.8360735119,82.2585365853659,87.46977742,3.754
"Middle East, North Africa, Afghanistan & Pakistan (excluding high income)",MNA,2021,2753.47858029524,68.9280214782652,50.2,8.31805088682382
Montenegro,MNE,2021,9317.15520065156,73.8243902439024,82.21969752,16.543
Mongolia,MNG,2021,4517.61578018785,71.6451219512195,81.60682285,7.871
Mauritius,MUS,2021,9177.71195973013,73.680243902439,71.59999847,7.719
Malaysia,MYS,2021,10903.1037480772,73.917,96.7514278,4.6
North America,NAC,2021,68424.560031595,76.8590196370959,91.5,5.59210979982087
Netherlands,NLD,2021,60141.9880911492,81.309756097561,92.05298013,4.209
Norway,NOR,2021,93072.8925119571,83.1634146341463,99.0000036,4.359
Nauru,NRU,2021,14979.099896799,61.331,80.29499817,5.056
New Zealand,NZL,2021,49950.4251691316,82.2073170731707,91.99060059,3.797
Oman,OMN,2021,19403.4600160211,75.969,95.23880005,1.9
Panama,PAN,2021,15509.8069124139,77.004,66.04270172,10.293
Peru,PER,2021,6826.20255614477,71.596,71.10782643,5.097
Philippines,PHL,2021,3484.38593882819,66.675,66.90779877,3.398
Poland,POL,2021,18635.5104895754,75.3512195121951,85.37490906,3.268
Puerto Rico (US),PRI,2021,32619.0704601174,79.77,84.78666399,7.9
Portugal,PRT,2021,24711.4510062111,81.3780487804878,82.30902804,6.712
Paraguay,PRY,2021,5976.93179789949,68.108,77.01838621,7.329
Qatar,QAT,2021,71751.9363398856,81.083,99.65280151,0.1
Romania,ROU,2021,14907.9803652143,72.809756097561,83.5904265,5.59
Russian Federation,RUS,2021,12425.029296875,69.900243902439,88.21384578,4.749
Rwanda,RWA,2021,829.544845263697,66.85,24.4416008,15.775
South Asia,SAS,2021,2273.72055798689,67.8215299767513,48.0,6.35756829068924
Saudi Arabia,SAU,2021,31920.7653655643,77.089,100.0,6.621
Singapore,SGP,2021,80056.1288247844,83.0926829268293,96.92468156,4.64
El Salvador,SLV,2021,4642.60743101342,69.941,57.26380157,4.327
San Marino,SMR,2021,54176.4798021628,83.539,81.66999817,6.307
Serbia,SRB,2021,9680.52798074468,72.780487804878,81.16588116,9.843
Slovak Republic,SVK,2021,22123.3342114545,74.6146341463415,88.92560523,6.894
Slovenia,SVN,2021,29192.8401933019,80.6756097560976,89.00399524,4.744
Sweden,SWE,2021,60647.5416365347,83.0560975609756,94.6703163,8.803
Eswatini,SWZ,2021,3984.00229174306,58.228,53.99530029,33.762
East Asia & Pacific (IDA & IBRD countries),TEA,2021,10086.4176067356,75.3009806060199,78.3,4.5486026424833
Europe & Central Asia (IDA & IBRD countries),TEC,2021,10014.5108823837,72.1506406826172,82.6,6.91618347186629
Thailand,THA,2021,7057.20754802279,77.606,85.26956666,1.215
Latin America & the Caribbean (IDA & IBRD countries),TLA,2021,8075.78816650564,71.7449274626405,75.9,9.24431431941264
Timor-Leste,TLS,2021,2684.92676774277,66.199,35.04199982,2.344
"Middle East, North Africa, Afghanistan & Pakistan (IDA & IBRD)",TMN,2021,2746.96809945183,68.8931032282321,50.0,8.18544085362322
Tonga,TON,2021,4922.80171378368,72.13,57.549,2.111
South Asia (IDA & IBRD),TSA,2021,2273.72055798689,67.8215299767513,48.0,6.35756829068924
Trinidad and Tobago,TTO,2021,17712.5674104655,71.111,84.36576986,4.446
Tunisia,TUN,2021,3906.93926319391,72.893,68.31552226,6.492
Turkiye,TUR,2021,9981.76398411336,75.722,81.40843745,11.979
Uganda,UGA,2021,882.791717542504,66.45,10.0,3.416
Ukraine,UKR,2021,4775.94580078125,71.631,79.21829353,9.834
Upper middle income,UMC,2021,9918.69947746711,74.7273713271635,79.4,6.60404209220762
Uruguay,URY,2021,17881.818721099,75.434,87.64440155,9.328
United States,USA,2021,70205.050916026,76.3292682926829,91.2684021,5.349
Viet Nam,VNM,2021,3704.1935590038,74.145,74.20999985,2.383
World,WLD,2021,12390.6686716727,71.2149086723293,63.8,6.19361800224484
South Africa,ZAF,2021,6828.75624590017,62.01,74.96859741,34.007
Zambia,ZMB,2021,1127.16077872857,62.363,14.82190037,5.197
Zimbabwe,ZWE,2021,2613.60542083552,60.135,32.5923996,9.459
Africa Western and Central,AFW,2022,2138.47315259913,57.9878499444678,37.5,3.33751181638735
Angola,AGO,2022,3682.1131513698,64.246,35.83800125,14.094
Albania,ALB,2022,7756.96188744253,78.769,82.61367544,10.785
United Arab Emirates,ARE,2022,50759.7589231191,80.487,100.0,2.872
Argentina,ARG,2022,13962.1894087223,75.806,88.37535691,6.805
Armenia,ARM,2022,6571.97445545099,74.7658536585366,77.02767465,8.262
Australia,AUS,2022,65169.5191118657,83.2,96.11940002,3.728
Austria,AUT,2022,52336.7725223758,81.2951219512195,93.61409139,4.992
Azerbaijan,AZE,2022,7770.594223351,74.125,88.0,5.7
Belgium,BEL,2022,50605.7496677086,81.7487804878049,94.00783071,5.57
Benin,BEN,2022,1266.42711031904,60.475,30.53730011,1.685
Burkina Faso,BFA,2022,827.330843486661,60.7,25.3987999,1.927
Bangladesh,BGD,2022,2716.48592780431,74.265,41.61650085,4.593
Bulgaria,BGR,2022,13999.1949530956,74.1609756097561,79.12686326,4.148
Bosnia and Herzegovina,BIH,2022,7655.59421024383,76.777,78.8455371,12.657
Belarus,BLR,2022,7994.64806074889,74.1033658536585,89.50733148,3.574
Bolivia,BOL,2022,4219.46113742445,67.434,72.62270355,3.452
Brazil,BRA,2022,9281.33282136864,74.872,80.52775094,9.231
Barbados,BRB,2022,24387.0387293761,75.676,69.06359863,7.261
Brunei Darussalam,BRN,2022,36632.9280952155,72.917,98.97042579,5.191
Bhutan,BTN,2022,3711.32767981591,72.754,88.35620117,5.947
Botswana,BWA,2022,8328.7090572666,68.749,57.9,23.615
Canada,CAN,2022,56256.8007264015,81.0948780487805,94.0,5.279
Switzerland,CHE,2022,94394.5106803525,83.6048780487805,96.45279694,4.122
Chile,CHL,2022,15405.6165774073,79.176,92.31819916,8.331
China,CHN,2022,12970.6056414327,78.202,75.61131603,4.569
Cote d'Ivoire,CIV,2022,2333.37128301259,61.562,38.41328122,2.31
Colombia,COL,2022,6680.44506854481,76.508,72.79637855,10.541
Costa Rica,CRI,2022,13625.9008491328,79.316,82.59801121,11.325
Cyprus,CYP,2022,33231.04296875,80.434,89.60099194,6.806
Czechia,CZE,2022,28282.2236715857,78.9292682926829,84.54009378,2.224
Germany,DEU,2022,50506.5179638543,80.6080487804878,91.62984383,3.098
Denmark,DNK,2022,67781.0940939514,81.3048780487805,97.86011812,4.434
Dominican Republic,DOM,2022,10104.2449349081,74.211,81.51269675,5.504
East Asia & Pacific (excluding high income),EAP,2022,10106.9935977814,75.9325409436903,81.6,4.01587461199531
East Asia & Pacific,EAS,2022,13139.2109813612,76.6767167147452,82.4,3.90327777347908
Europe & Central Asia,ECS,2022,27913.5882331645,77.834452247983,87.9,5.86640927960521
Ecuador,ECU,2022,6515.58528418336,76.577,69.71811356,3.672
"Egypt, Arab Rep.",EGY,2022,4233.30783744856,71.01,72.19806556,7.344
Spain,ESP,2022,30319.4987196616,83.1341463414634,94.4855432,13.033
Estonia,EST,2022,28340.3826549406,77.8439024390244,91.52016546,5.571
Finland,FIN,2022,50440.560224974,81.1878048780488,92.98879471,6.719
France,FRA,2022,40988.6396406579,82.1292682926829,85.33331734,7.303
United Kingdom,GBR,2022,47057.043229179,81.0112195121951,95.46530151,3.768
Georgia,GEO,2022,6729.84659930283,74.141,78.71127536,10.198
Ghana,GHA,2022,2229.89122647803,65.246,69.91329956,2.87
Guinea-Bissau,GNB,2022,883.199131457831,63.605,27.67379951,2.666
Greece,GRC,2022,20886.5243087629,80.7878048780488,83.17066333,12.426
Guatemala,GTM,2022,5358.70156997677,71.206,54.40430069,3.051
High income,HIC,2022,46553.1150181383,79.4267769342303,91.0,4.53328952142529
"Hong Kong SAR, China",HKG,2022,48825.8441873536,83.6609756097561,95.61357052,4.318
Honduras,HND,2022,3003.28996826399,72.715,56.88069916,8.774
Croatia,HRV,2022,18465.5414420364,77.5756097560976,82.07155532,6.811
Hungary,HUN,2022,18428.028825614,75.8682926829268,89.14282688,3.583
IBRD only,IBD,2022,7699.23258826186,74.2512821129351,74.4,5.31983526177844
IDA & IBRD total,IBT,2022,6036.81374407089,71.6775988813721,63.0,5.19914297684714
Indonesia,IDN,2022,4730.83484836107,70.925,66.48461277,3.462
India,IND,2022,2347.44829434623,71.698,55.9,4.822
Ireland,IRL,2022,105190.685952731,82.509756097561,95.03690338,4.465
"Iran, Islamic Rep.",IRN,2022,4721.20437099984,76.799,81.71649933,9.085
Iceland,ISL,2022,76350.4550416502,82.119512195122,97.58339691,3.789
Israel,ISR,2022,54949.621556429,82.7,91.85079615,3.695
Italy,ITA,2022,35653.9042103495,82.7,85.06074504,8.069
Jamaica,JAM,2022,6626.47502388538,71.481,85.84329987,4.083
Jordan,JOR,2022,4332.25159897931,77.088,90.4999984,18.2
Japan,JPN,2022,34065.6438962526,83.9963414634146,84.92343147,2.614
Kazakhstan,KAZ,2022,11255.3396437881,73.503,92.29685266,4.9
Kenya,KEN,2022,2109.56288513137,63.549,29.40589905,5.441
Kyrgyz Republic,KGZ,2022,1739.72018344174,72.0487804878049,84.1937027,4.767
"Korea, Rep.",KOR,2022,34822.4048404971,82.6804878048781,97.16855335,2.857
Latin America & Caribbean (excluding high income),LAC,2022,9111.34927084769,74.4897262626476,76.6,6.80816019473853
Lao PDR,LAO,2022,2046.40440255621,68.715,64.54000092,1.209
St. Lucia,LCA,2022,13103.8243147472,72.67,66.95159912,15.766
Latin America & Caribbean,LCN,2022,9408.84820249156,74.6472095421659,77.1,6.90716237257647
Sri Lanka,LKA,2022,3342.63650253855,77.3,48.3,4.528
Lower middle income,LMC,2022,2493.61487371356,69.3010946755529,52.3,4.78779189311563
Lithuania,LTU,2022,25085.784063499,75.6439024390244,87.72420219,5.955
Luxembourg,LUX,2022,123719.658915996,82.9463414634147,98.24203749,4.588
Latvia,LVA,2022,20221.103686109,74.2780487804878,91.03009059,6.815
Morocco,MAR,2022,3463.1376953125,75.161,89.9,11.79
Moldova,MDA,2022,5744.29618434435,71.546,74.91899872,0.909
Madagascar,MDG,2022,503.51453347296,63.068,17.81170082,3.186
Mexico,MEX,2022,11405.7940473759,73.973,78.63217894,3.174
North Macedonia,MKD,2022,7606.2375253797,74.4248780487805,83.85030365,14.476
Mali,MLI,2022,976.914116406452,60.035,35.19919968,5.442
Malta,MLT,2022,35638.8869457406,82.2975609756098,91.54062209,3.471
Montenegro,MNE,2022,10024.5435616209,76.1878048780488,88.22192026,14.851
Mongolia,MNG,2022,4993.51487463495,71.9007317073171,81.07720184,5.954
Mozambique,MOZ,2022,578.251663751351,63.011,18.96220016,6.789
Mauritius,MUS,2022,10246.5017455553,73.5146341463415,75.5,6.322
Malaysia,MYS,2022,11754.5678336248,75.444,97.3986404,3.9
North America,NAC,2022,74535.6365392629,77.8170599153732,92.6,3.83303148633239
Niger,NER,2022,609.745147574878,60.398,13.08749962,0.403
Nigeria,NGA,2022,2899.16047470324,54.079,39.14720154,3.827
Netherlands,NLD,2022,59123.318556487,81.6146341463415,92.51968504,3.526
Norway,NOR,2022,109269.520580298,82.509756097561,98.99997764,3.231
New Zealand,NZL,2022,49099.7090423358,81.9585365853658,93.07289886,3.318
Oman,OMN,2022,23223.5829405935,77.911,95.24530029,3.3
Panama,PAN,2022,17378.6070017557,79.324,67.2838974,8.281
Peru,PER,2022,7350.63034300417,76.834,74.67495213,4.003
Philippines,PHL,2022,3548.06930572116,69.472,75.21114422,2.598
Papua New Guinea,PNG,2022,3102.28968594061,65.274,18.25659943,2.689
Poland,POL,2022,18891.2121169279,77.1560975609756,86.94113479,2.811
Puerto Rico (US),PRI,2022,35353.6821570014,79.427,87.29178106,6.0
Portugal,PRT,2022,24620.5197587181,81.6317073170732,84.49690644,6.138
Paraguay,PRY,2022,6205.62595379319,72.319,76.25916611,6.762
West Bank and Gaza,PSE,2022,3799.95527015163,76.662,88.64690554,24.42
Qatar,QAT,2022,88701.4689763536,81.857,98.03800201,0.1
Romania,ROU,2022,15503.551804598,75.1536585365854,85.50309124,5.614
Russian Federation,RUS,2022,15619.6142578125,72.5456097560976,90.41799163,3.867
Rwanda,RWA,2022,975.469323735369,67.528,28.01679993,15.084
South Asia,SAS,2022,2385.08341896271,72.0115731308447,54.2,4.79263045940844
Saudi Arabia,SAU,2022,38510.2276211037,77.31,100.0,5.589
Senegal,SEN,2022,1574.0281059306,67.788,56.82830048,5.062
Singapore,SGP,2022,90299.0694637269,82.8951219512195,95.95386476,3.591
El Salvador,SLV,2022,5074.60210221806,71.969,60.05609894,2.993
San Marino,SMR,2022,54190.8417700372,85.708,97.32790375,4.915
"Somalia, Fed. Rep.",SOM,2022,573.141165798229,53.931,27.6,11.086
Serbia,SRB,2022,10024.8191112596,75.2365853658537,83.53825397,8.439
Sub-Saharan Africa (excluding high income),SSA,2022,1963.80330032374,61.2833700706225,32.7,7.27978302060612
Slovak Republic,SVK,2022,21317.7943982363,76.9658536585366,89.06766196,6.143
Slovenia,SVN,2022,28360.3041467268,81.2829268292683,88.91248552,4.011
Sweden,SWE,2022,54836.8907235124,83.0585365853659,95.00970335,7.417
Chad,TCD,2022,966.036468278568,54.528,11.17029953,3.109
East Asia & Pacific (IDA & IBRD countries),TEA,2022,10220.4774431567,75.9610347461336,82.3,4.01587461199531
Europe & Central Asia (IDA & IBRD countries),TEC,2022,11421.1364427001,74.1883654842503,85.2,5.65918400258182
Togo,TGO,2022,951.232378690387,62.292,35.60749817,1.965
Thailand,THA,2022,6909.35281815827,75.291,87.97724503,0.94
Latin America & the Caribbean (IDA & IBRD countries),TLA,2022,9174.55690452428,74.5684293540859,77.3,6.91088091732378
South Asia (IDA & IBRD),TSA,2022,2385.08341896271,72.0115731308447,54.2,4.79263045940844
Trinidad and Tobago,TTO,2022,20750.5202434652,73.331,81.69760132,4.383
Turkiye,TUR,2022,10897.8397861365,77.591,83.43716576,10.432
Upper middle income,UMC,2022,10324.5193124329,76.0089594269564,82.7,5.60509987160864
Uruguay,URY,2022,20818.6146091144,76.468,89.87304314,7.877
United States,USA,2022,76657.2488844403,77.4341463414634,92.72850037,3.65
Viet Nam,VNM,2022,4147.69777213621,74.502,78.58999918,1.57
World,WLD,2022,12798.1658465319,72.9675581482237,67.0,5.08654582771273
South Africa,ZAF,2022,6534.24867783397,65.454,78.29319763,33.268
Zambia,ZMB,2022,1447.12310138035,65.279,15.0,5.993
Zimbabwe,ZWE,2022,2536.40050223076,62.36,36.25650024,10.001
Angola,AGO,2023,2916.13663284275,64.617,37.88589859,12.885
Albania,ALB,2023,9730.86921906893,79.602,83.13559161,10.669
United Arab Emirates,ARE,2023,49850.6872175164,82.909,100.0,2.151
Argentina,ARG,2023,14261.8465667948,77.395,89.22897166,6.139
Armenia,ARM,2023,8159.08720967996,77.4658536585366,79.99663036,8.298
Australia,AUS,2023,65058.3773146674,83.0512195121951,96.1160965,3.668
Austria,AUT,2023,56579.504175468,81.7926829268293,95.33467117,5.264
Belgium,BEL,2023,55291.4754541329,82.4,94.62625074,5.547
Burkina Faso,BFA,2023,873.482589651003,61.092,25.36120033,5.348
Bangladesh,BGD,2023,2551.01773827307,74.672,44.50274195,3.352
Bulgaria,BGR,2023,15853.208636704,75.7560975609756,80.38956462,4.319
"Bahamas, The",BHS,2023,38231.774484278,74.552,92.38729858,8.645
Bosnia and Herzegovina,BIH,2023,8663.02326458629,77.85,83.3771539,10.668
Belarus,BLR,2023,7896.75388295584,74.1837804878049,91.51249979,3.461
Bolivia,BOL,2023,4274.70820547613,68.581,77.30039978,2.948
Brazil,BRA,2023,10377.5897719195,75.848,84.15060238,7.947
Barbados,BRB,2023,25583.878782727,76.178,69.67510223,6.54
Brunei Darussalam,BRN,2023,32890.5491812019,75.327,98.97039795,5.296
Bhutan,BTN,2023,3831.32535494609,72.975,90.02140045,3.126
Canada,CAN,2023,54220.3285039875,81.6263414634146,94.14530182,5.415
Switzerland,CHE,2023,100623.549627296,84.1560975609756,97.34436623,4.043
Chile,CHL,2023,17067.0364799154,81.167,94.45742345,9.091
Colombia,COL,2023,7000.83660501046,77.725,77.33686322,9.591
Costa Rica,CRI,2023,16942.0268119375,80.799,85.39514799,8.325
Cyprus,CYP,2023,36623.69140625,81.648,91.22110357,5.835
Czechia,CZE,2023,31761.5944102491,79.8268292682927,85.99404818,2.579
Germany,DEU,2023,54776.7668235491,81.0414634146342,92.4763763,2.978
Denmark,DNK,2023,68043.5466971243,81.7536585365854,98.77559197,5.094
Dominican Republic,DOM,2023,10630.431743829,73.72,86.12689972,5.555
Europe & Central Asia,ECS,2023,29988.9022903108,78.3911328035275,89.6,5.57124265939534
Ecuador,ECU,2023,6737.84748379638,77.392,72.6943146,3.462
"Egypt, Arab Rep.",EGY,2023,3456.78968456253,71.633,74.01190186,6.753
Spain,ESP,2023,33493.2225409111,83.9341463414634,95.44564516,12.179
Estonia,EST,2023,30264.0064885057,78.7926829268293,93.18342241,6.378
Finland,FIN,2023,52834.2916752703,81.5853658536585,93.51385075,7.149
France,FRA,2023,44700.1384177544,82.8317073170732,86.83635789,7.335
United Kingdom,GBR,2023,49944.4702124201,81.2380975609756,95.44719696,4.025
Georgia,GEO,2023,8283.66960652261,74.496,81.88425624,9.59
Ghana,GHA,2023,2383.90410483418,65.498,70.67430115,3.245
"Gambia, The",GMB,2023,883.024111719809,65.86,48.72829819,6.479
Greece,GRC,2023,23343.7103964562,81.7365853658537,85.0102229,11.023
Grenada,GRD,2023,11414.4781691181,75.205,69.4131012,6.34
Guatemala,GTM,2023,5758.32760847852,72.602,56.72669983,2.344
High income,HIC,2023,48608.1947665895,80.1496259588259,91.9,4.36598290359743
"Hong Kong SAR, China",HKG,2023,50562.3633144379,85.2473170731707,95.97781908,2.949
Honduras,HND,2023,3227.45762509776,72.884,58.0685997,6.07
Croatia,HRV,2023,22184.2279304842,78.4731707317073,83.24117599,6.121
Hungary,HUN,2023,22230.6277875187,76.5707317073171,91.4500713,4.096
Indonesia,IDN,2023,4876.30774512252,71.146,69.20836554,3.308
India,IND,2023,2530.12031278204,72.003,60.25230026,4.172
Ireland,IRL,2023,106818.917130804,82.8073170731707,96.8660965,4.243
"Iran, Islamic Rep.",IRN,2023,5049.29931642754,77.654,83.71050262,8.129
Iceland,ISL,2023,82138.7892973557,82.4560975609756,97.94860077,3.518
Israel,ISR,2023,52003.7200729997,83.1951219512195,87.03842615,3.371
Italy,ITA,2023,39277.0838783918,83.3512195121951,87.0278292,7.627
Jamaica,JAM,2023,7542.40084275345,71.479,89.47304282,3.022
Jordan,JOR,2023,4466.08314208575,77.814,92.53443944,16.62
Japan,JPN,2023,33836.1756271617,84.0412195121951,85.00990295,2.6
Kyrgyz Republic,KGZ,2023,2138.22210211478,72.2487804878049,91.04440308,3.498
Cambodia,KHM,2023,2429.74853452838,70.668,68.92549896,0.256
Kiribati,KIR,2023,2177.70125812262,66.473,88.0,2.786
"Korea, Rep.",KOR,2023,35674.095995632,83.4292682926829,97.41597478,2.675
Latin America & Caribbean (excluding high income),LAC,2023,10196.271088969,75.4986013301867,79.7,5.98306480851736
St. Lucia,LCA,2023,13554.7684784933,72.697,67.44390106,12.021
Latin America & Caribbean,LCN,2023,10508.6472548025,75.6435273174016,80.0,6.12378362302968
Sri Lanka,LKA,2023,3798.89016573011,77.483,51.2,4.665
Lower middle income,LMC,2023,2493.38985253651,69.5963746571515,55.4,4.07813115225366
Lithuania,LTU,2023,27786.0057829276,77.290243902439,88.50287484,6.841
Luxembourg,LUX,2023,133230.619178899,83.309756097561,99.34785707,5.184
Latvia,LVA,2023,22710.2637544197,75.4268292682927,92.18791291,6.465
Moldova,MDA,2023,6799.58594644576,71.198,76.50330353,1.57
Mexico,MEX,2023,13860.9597809326,75.069,81.18318755,2.704
North Macedonia,MKD,2023,8674.35846327485,75.3160975609756,88.5,13.174
Mali,MLI,2023,1043.9533853528,60.439,36.03879929,5.446
Malta,MLT,2023,40905.8059585057,83.3560975609756,92.07266941,3.479
Montenegro,MNE,2023,12259.8775034436,77.5878048780488,88.5515976,13.146
Mongolia,MNG,2023,5838.63108083902,72.1224390243902,83.74320221,5.178
Mauritius,MUS,2023,11269.9684462139,73.4121951219512,79.5,5.571
North America,NAC,2023,78190.0640735535,78.7306687358934,93.3,3.84073751321764
Nigeria,NGA,2023,2138.76383719983,54.462,40.06399918,3.074
Netherlands,NLD,2023,63515.6030780019,81.8634146341464,97.00680272,3.535
Norway,NOR,2023,87497.2179649556,83.0121951219512,99.00000258,3.574
New Zealand,NZL,2023,49075.9562832927,81.7585365853659,93.32610321,3.766
Oman,OMN,2023,21027.7384778886,80.031,95.25170135,3.2
Panama,PAN,2023,18797.1933994045,79.594,68.54851592,6.678
Peru,PER,2023,7887.54185920108,77.74,79.48484477,4.569
Philippines,PHL,2023,3804.08274131097,69.833,77.86699677,2.409
Palau,PLW,2023,15610.8231931032,69.269,82.91629791,2.091
Poland,POL,2023,22145.2660647429,78.2585365853659,86.414744,2.743
Portugal,PRT,2023,27634.6183139773,82.3292682926829,85.79012676,6.498
Paraguay,PRY,2023,6299.99026533713,73.844,78.09481878,5.801
Romania,ROU,2023,18244.4186876321,76.4048780487805,89.20335498,5.589
Russian Federation,RUS,2023,14159.3876953125,73.2546341463415,92.24496346,3.076
Rwanda,RWA,2023,1027.03446826565,67.785,28.80579948,12.352
South Asia,SAS,2023,2532.38988993306,72.3247648783903,58.3,4.08616429409204
Saudi Arabia,SAU,2023,36156.848337701,78.732,100.0,4.008
Senegal,SEN,2023,1698.03387300843,68.683,59.18740082,4.686
Singapore,SGP,2023,85412.230345235,83.0975609756098,94.28518987,3.444
El Salvador,SLV,2023,5365.44491399171,72.099,62.61989975,2.982
Serbia,SRB,2023,12281.707946167,76.1414634146341,85.35746686,8.268
Slovak Republic,SVK,2023,24614.8734642794,78.119512195122,87.2131343,5.843
Slovenia,SVN,2023,32660.4753581346,81.9292682926829,90.37794678,3.652
Sweden,SWE,2023,54950.2834725622,83.309756097561,95.70327461,7.611
Eswatini,SWZ,2023,3755.52111232464,64.123,61.33330154,34.264
Seychelles,SYC,2023,18262.7115849287,75.419512195122,86.001297,2.934
Europe & Central Asia (IDA & IBRD countries),TEC,2023,12129.8641155432,74.6977585417017,87.3,5.04769253075588
Thailand,THA,2023,7195.10130919449,76.412,89.53525238,0.733
Latin America & the Caribbean (IDA & IBRD countries),TLA,2023,10260.5196915782,75.5699258379688,80.2,6.12260187424979
Tonga,TON,2023,5651.59373063157,72.895,64.13140106,1.652
South Asia (IDA & IBRD),TSA,2023,2532.38988993306,72.3247648783903,58.3,4.08616429409204
Trinidad and Tobago,TTO,2023,18308.4536298575,73.49,81.9681015,3.361
Turkiye,TUR,2023,13375.0947282864,77.156,85.96074155,9.354
Uruguay,URY,2023,23019.4221560046,78.138,90.92590332,8.355
United States,USA,2023,81032.262117545,78.3853658536585,93.52559662,3.638
Viet Nam,VNM,2023,4323.35031982451,74.588,78.08,1.645
South Africa,ZAF,2023,6034.27208964673,66.139,78.33670044,32.098
Zambia,ZMB,2023,1330.72780576709,66.349,16.45070076,5.861
Zimbabwe,ZWE,2023,2195.22492079245,62.775,38.67480087,9.29
Angola,AGO,2024,2665.87444776753,64.805,40.70479965,13.937
Albania,ALB,2024,11377.7757431099,79.776,85.86389923,8.431
United Arab Emirates,ARE,2024,50273.5060469837,83.069,100.0,1.875
Argentina,ARG,2024,13969.7836603737,77.543,89.66715228,1.694
Australia,AUS,2024,64603.9856308464,83.0512195121951,96.13140106,3.942
Austria,AUT,2024,58268.8787651601,81.9951219512195,94.91974877,5.327
Belgium,BEL,2024,56614.5679499036,82.3,95.77579144,5.708
Burkina Faso,BFA,2024,981.992649769081,61.292,28.25270081,3.441
Bangladesh,BGD,2024,2593.41611680774,74.93,53.42171316,3.635
Bulgaria,BGR,2024,17596.0173663521,75.7609756097561,82.438955,4.165
Bosnia and Herzegovina,BIH,2024,9358.78768951134,78.044,86.10091103,10.706
Belarus,BLR,2024,8317.63399913792,74.3653414634147,94.26182128,3.039
Bolivia,BOL,2024,4421.16609889999,68.739,79.70469666,2.73
Brazil,BRA,2024,10310.5488778166,76.023,84.46347227,6.801
Brunei Darussalam,BRN,2024,33153.4738913513,75.501,96.29828801,4.871
Botswana,BWA,2024,7695.75319445165,69.293,57.45950036,24.433
Canada,CAN,2024,54340.3477224733,82.1080487804878,94.353302,6.351
Switzerland,CHE,2024,103998.186685604,84.4073170731707,97.3443985,4.343
Chile,CHL,2024,16709.8893972307,81.359,95.590243,8.756
Colombia,COL,2024,7919.20886825345,77.913,79.34543299,9.619
Costa Rica,CRI,2024,18587.1532203482,80.996,87.17019653,6.936
Cyprus,CYP,2024,38674.29296875,81.821,89.60099246,4.867
Czechia,CZE,2024,31823.3078290564,79.9780487804878,87.68776014,2.603
Germany,DEU,2024,56103.7323182554,80.7926829268293,93.49999579,3.364
Denmark,DNK,2024,71026.4832271897,82.2536585365854,99.76915157,6.149
Dominican Republic,DOM,2024,10875.6618443092,73.868,91.0022446,5.314
Europe & Central Asia,ECS,2024,31555.5207890657,78.5986851063787,90.9,5.3625473444709
Ecuador,ECU,2024,6874.705739766,77.579,77.17273115,3.386
"Egypt, Arab Rep.",EGY,2024,3338.47371395895,71.806,74.64839935,5.945
Spain,ESP,2024,35326.7683069278,83.8878048780488,95.7574516,11.344
Estonia,EST,2024,31428.3547816104,79.2951219512195,92.23796204,7.499
Finland,FIN,2024,53149.7671934051,82.3365853658537,93.72405196,8.336
Fiji,FJI,2024,6425.74151715712,67.463,74.7052002,5.361
France,FRA,2024,46103.0840855884,82.9804878048781,88.65381638,7.436
United Kingdom,GBR,2024,53246.3676145108,81.3868536585366,95.4720993,4.361
Georgia,GEO,2024,9241.49122313713,74.657,83.79855689,8.014
Ghana,GHA,2024,2390.77237652715,65.695,72.17569733,3.972
Greece,GRC,2024,24626.1481858973,81.8390243902439,86.26968886,10.02
Guatemala,GTM,2024,6150.02571438505,72.746,60.22140121,1.903
High income,HIC,2024,50302.6052129514,80.3943681426314,93.0,4.39737280760119
"Hong Kong SAR, China",HKG,2024,54074.6928519479,85.3926829268293,95.75536971,2.988
Honduras,HND,2024,3426.43483328923,73.044,58.62269974,4.91
Croatia,HRV,2024,24050.4397933135,78.9292682926829,83.63240029,5.033
Hungary,HUN,2024,23292.3263882478,76.7243902439025,93.77898628,4.466
India,IND,2024,2694.73780859961,72.235,64.9434967,4.173
Ireland,IRL,2024,112894.953240805,83.009756097561,97.18769836,4.475
"Iran, Islamic Rep.",IRN,2024,5190.16959024821,77.854,85.3404007,7.631
Iceland,ISL,2024,86040.5309851288,82.809756097561,98.209198,3.558
Israel,ISR,2024,54176.6844383302,83.1975609756098,88.18242225,2.901
Italy,ITA,2024,40385.3413957669,83.9512195121951,89.2207202,6.499
Japan,JPN,2024,32487.0778047567,84.0363414634146,85.54153081,2.5
"Korea, Rep.",KOR,2024,36238.639908315,83.6292682926829,97.89563777,2.784
Latin America & Caribbean (excluding high income),LAC,2024,10382.3911125152,75.673084413774,81.4,5.14967873907981
St. Lucia,LCA,2024,14181.6303351598,72.846,68.20500183,10.074
Latin America & Caribbean,LCN,2024,10737.6463538652,75.8179171134267,81.7,5.33379561468633
Lower middle income,LMC,2024,2544.49245457752,69.7861615260908,58.9,4.13778327733427
Lesotho,LSO,2024,971.90771824829,57.798,51.79660034,18.701
Lithuania,LTU,2024,29384.0189598663,77.1951219512195,89.16116293,7.095
Luxembourg,LUX,2024,137781.681659123,83.1951219512195,98.7606147,6.421
Latvia,LVA,2024,23409.0845154775,76.4292682926829,92.70757011,6.884
Moldova,MDA,2024,7576.19589413326,71.332,77.3687973,1.427
Mexico,MEX,2024,14185.7812248529,75.264,83.12233799,2.616
North Macedonia,MKD,2024,9291.85661671864,76.6165853658537,93.6,12.265
Mali,MLI,2024,1094.61949265799,60.675,36.80149841,4.5
Malta,MLT,2024,43898.5781808597,82.9560975609756,93.86029816,3.199
Montenegro,MNE,2024,13263.3281277699,77.890243902439,88.88258428,11.534
Mongolia,MNG,2024,6750.6301157724,72.3980487804878,85.12349701,5.812
Mauritius,MUS,2024,11990.7798944837,73.7890243902439,73.30793533,5.213
Malawi,MWI,2024,522.570393642547,67.561,18.96159935,15.406
North America,NAC,2024,81275.8436781762,79.2391398698208,94.4,4.29037573277215
Nigeria,NGA,2024,1084.16041805436,54.635,41.21139908,3.454
Netherlands,NLD,2024,67520.4218956281,81.9658536585366,97.00679779,3.638
Norway,NOR,2024,86785.4334489176,83.1609756097561,99.0,3.982
New Zealand,NZL,2024,49205.1792146792,82.009756097561,93.51930237,4.761
Oman,OMN,2024,20285.2272897377,80.246,95.25174678,3.3
Panama,PAN,2024,19161.2188501596,79.775,72.77149963,8.607
Peru,PER,2024,8452.37167056621,77.941,81.95705992,4.858
Poland,POL,2024,25103.565661423,78.409756097561,88.58496367,2.807
Portugal,PRT,2024,29292.242104753,82.3829268292683,88.48704454,6.427
Paraguay,PRY,2024,6416.09708970845,73.982,81.57806793,5.694
Romania,ROU,2024,20080.2096215595,76.4585365853659,91.29048551,5.43
Russian Federation,RUS,2024,14889.0185546875,73.4404878048781,94.36495368,2.43
Rwanda,RWA,2024,999.65456165547,68.017,31.70330048,11.331
South Asia,SAS,2024,2690.07883749003,72.5599614464264,62.8,4.11443928937287
Saudi Arabia,SAU,2024,35121.6628687742,78.982,100.0,3.518
Senegal,SEN,2024,1773.21829923448,68.924,60.11780167,5.775
Singapore,SGP,2024,90674.066632628,83.3463414634146,94.37757178,3.306
El Salvador,SLV,2024,5579.65969165029,72.302,66.47769928,2.707
Serbia,SRB,2024,13679.2065983557,75.9682926829268,87.69071294,7.24
Slovak Republic,SVK,2024,25992.6748502048,78.3707317073171,89.82507032,5.335
Slovenia,SVN,2024,34301.0318686594,82.2853658536585,90.76355487,3.697
Sweden,SWE,2024,57117.4877440616,84.0634146341463,95.52930428,8.306
Seychelles,SYC,2024,17858.8226383978,76.2951219512195,87.81800079,2.593
Europe & Central Asia (IDA & IBRD countries),TEC,2024,13337.4386956337,74.9659819707702,88.9,4.52607148134439
Thailand,THA,2024,7346.62022142185,76.564,90.86718789,0.781
Latin America & the Caribbean (IDA & IBRD countries),TLA,2024,10474.2809944408,75.7447305457285,81.8,5.33270098072733
South Asia (IDA & IBRD),TSA,2024,2690.07883749003,72.5599614464264,62.8,4.11443928937287
Trinidad and Tobago,TTO,2024,18733.4110406494,73.617,82.15989685,4.006
Turkiye,TUR,2024,15892.7157287241,77.421,87.3078767,8.711
Tanzania,TZA,2024,1186.71691894531,67.212,31.16209984,2.431
Uruguay,URY,2024,23906.5133029408,78.287,91.99109007,8.209
United States,USA,2024,84534.0407841548,78.890243902439,94.69380188,4.022
Viet Nam,VNM,2024,4717.29028732449,74.736,84.15,1.529
South Africa,ZAF,2024,6267.186814093,66.312,78.35759735,32.279
Zambia,ZMB,2024,1187.10943350064,66.528,17.10099983,5.67
Zimbabwe,ZWE,2024,2497.20332208763,63.064,41.64279938,12.13
